genome	GVOGm0013	GVOGm0023	GVOGm0054	GVOGm0172	GVOGm0461	GVOGm0760	GVOGm0890
AbALV	0.0	1.0	1.0	1.0	1.0	1.0	0.0
CmV1.fna	0.0	0.0	1.0	0.0	0.0	0.0	0.0
DhV1.fna	0.0	0.0	1.0	0.0	0.0	0.0	0.0
ERX288965.16.dc	1.0	1.0	1.0	1.0	1.0	0.0	1.0
ERX289005.60.dc	1.0	1.0	1.0	1.0	1.0	0.0	1.0
ERX552243.80.dc	0.0	1.0	1.0	0.0	1.0	1.0	1.0
ERX552244.11.dc	1.0	1.0	1.0	0.0	1.0	1.0	1.0
ERX552253.37.dc	1.0	1.0	1.0	0.0	0.0	1.0	0.0
ERX552257.96.dc	1.0	1.0	1.0	0.0	0.0	1.0	0.0
ERX552261.44.dc	1.0	0.0	1.0	1.0	0.0	1.0	1.0
ERX552270.100.dc	1.0	1.0	1.0	1.0	1.0	1.0	1.0
ERX552270.107.dc	1.0	1.0	1.0	1.0	1.0	1.0	0.0
ERX552270.122.dc	1.0	0.0	1.0	1.0	0.0	0.0	0.0
ERX552270.87.dc	0.0	1.0	0.0	0.0	1.0	1.0	1.0
ERX552283.9.dc	1.0	0.0	1.0	1.0	1.0	1.0	1.0
ERX552300.8.dc	1.0	1.0	1.0	1.0	1.0	1.0	1.0
ERX552302.38.dc	0.0	0.0	1.0	0.0	0.0	1.0	1.0
ERX555913.6.dc	1.0	1.0	1.0	0.0	1.0	0.0	1.0
ERX555917.66.dc	1.0	0.0	1.0	1.0	1.0	1.0	1.0
ERX555941.31.dc	1.0	1.0	0.0	1.0	1.0	1.0	1.0
ERX555967.111.dc	1.0	0.0	1.0	1.0	1.0	1.0	1.0
ERX555988.97.dc	1.0	1.0	1.0	1.0	1.0	1.0	0.0
ERX556031.10.dc	0.0	1.0	1.0	0.0	0.0	1.0	1.0
ERX556034.38.dc	1.0	0.0	1.0	1.0	1.0	1.0	1.0
ERX556058.46.dc	0.0	1.0	1.0	1.0	1.0	1.0	1.0
ERX556075.42.dc	0.0	0.0	1.0	1.0	0.0	1.0	1.0
ERX556101.9.dc	1.0	0.0	1.0	1.0	1.0	1.0	1.0
ERX556315.47.dc	1.0	1.0	1.0	1.0	1.0	1.0	1.0
ERX633347.22.dc	1.0	1.0	1.0	0.0	1.0	1.0	0.0
ERX943717.70.dc	0.0	0.0	1.0	1.0	1.0	1.0	1.0
GCA.000427115.1.CBEV.1	0.0	0.0	1.0	0.0	0.0	0.0	0.0
GCA.000427135.1.AHEV.1	1.0	0.0	1.0	0.0	0.0	0.0	0.0
GCA.000427155.1.MySEV.1	1.0	0.0	1.0	0.0	0.0	0.0	0.0
GCA.000837185.1.ViralProj14097	0.0	0.0	1.0	0.0	0.0	0.0	0.0
GCA.000839965.1.ViralProj14155	1.0	1.0	1.0	0.0	0.0	0.0	0.0
GCA.000845705.1.ViralProj14466	1.0	1.0	1.0	0.0	0.0	0.0	0.0
GCA.000846905.1.ViralProj14544	1.0	1.0	1.0	0.0	0.0	1.0	0.0
GCA.000847045.1.ViralProj14564	1.0	0.0	1.0	1.0	1.0	1.0	1.0
GCA.000847185.1.ViralProj14595	1.0	1.0	1.0	0.0	0.0	0.0	0.0
GCA.000847965.1.ViralProj14590	1.0	1.0	1.0	0.0	0.0	0.0	0.0
GCA.000867605.1.ViralProj17721	0.0	1.0	1.0	0.0	0.0	1.0	1.0
GCA.000869685.1.ViralProj18527	1.0	0.0	1.0	1.0	1.0	1.0	1.0
GCA.000871485.1.ViralProj19151	0.0	1.0	1.0	0.0	0.0	1.0	0.0
GCA.000889515.1.ViralProj61009	1.0	0.0	1.0	1.0	1.0	1.0	1.0
GCA.000911655.1.ViralProj213019	1.0	1.0	1.0	0.0	0.0	1.0	1.0
GCA.000911955.1.ViralProj215788	1.0	1.0	1.0	0.0	0.0	1.0	1.0
GCA.000922335.1.ViralProj258005	1.0	1.0	1.0	1.0	1.0	1.0	1.0
GCA.001292995.1.ViralProj295679	1.0	1.0	1.0	0.0	0.0	1.0	1.0
GCA.001399245.1.ViralProj298907	1.0	1.0	1.0	1.0	1.0	1.0	1.0
GCA.001602085.1.ViralProj316309	1.0	1.0	1.0	1.0	1.0	1.0	1.0
GCA.001654305.1.ViralProj323872	1.0	1.0	1.0	1.0	1.0	1.0	1.0
GCA.001907825.1.ViralProj357638	1.0	1.0	1.0	0.0	0.0	0.0	0.0
GCA.002354985.1.ViralProj395094	1.0	1.0	1.0	0.0	0.0	0.0	0.0
GCA.002818865.1.ASM281886v1	0.0	1.0	1.0	0.0	0.0	1.0	0.0
GCA.002826585.1.ASM282658v1	1.0	1.0	1.0	0.0	0.0	1.0	0.0
GCA.002826725.1.ASM282672v1	1.0	1.0	1.0	1.0	1.0	1.0	1.0
GCA.002827745.1.ASM282774v1	0.0	0.0	1.0	1.0	1.0	1.0	1.0
GCA.002937195.1.ASM293719v1	1.0	0.0	1.0	1.0	1.0	1.0	1.0
GCA.002966215.1.ASM296621v1	1.0	1.0	1.0	1.0	1.0	1.0	1.0
GCA.002966255.1.ASM296625v1	1.0	1.0	1.0	1.0	1.0	1.0	1.0
GCA.002966275.1.ASM296627v1	1.0	1.0	1.0	1.0	1.0	1.0	1.0
GCA.002966385.1.ASM296638v1	1.0	1.0	1.0	1.0	1.0	1.0	1.0
GCA.002966405.1.ASM296640v1	1.0	1.0	1.0	1.0	1.0	1.0	1.0
GCA.003047755.1.ASM304775v1	1.0	1.0	1.0	1.0	1.0	0.0	0.0
GCA.003051685.1.ASM305168v1	1.0	0.0	1.0	1.0	1.0	1.0	1.0
GCA.003057795.1.ASM305779v1	1.0	1.0	1.0	1.0	1.0	1.0	1.0
GCA.003233915.1.ASM323391v1	1.0	1.0	1.0	0.0	0.0	1.0	1.0
GCA.003233935.1.ASM323393v1	1.0	1.0	1.0	0.0	0.0	1.0	1.0
GCA.003814045.1.ASM381404v1	1.0	0.0	1.0	0.0	0.0	1.0	1.0
GCA.003815255.1.ASM381525v1	1.0	1.0	1.0	1.0	1.0	0.0	0.0
GCA.005411835.1.ASM541183v1	1.0	1.0	1.0	0.0	0.0	0.0	0.0
GCA.006451095.1.ASM645109v1	0.0	1.0	1.0	0.0	0.0	1.0	0.0
GCA.006457375.1.ASM645737v1	1.0	1.0	1.0	0.0	0.0	1.0	0.0
GCA.006458285.1.ASM645828v1	1.0	1.0	1.0	0.0	0.0	0.0	0.0
GCA.006465445.1.ASM646544v1	1.0	1.0	1.0	1.0	1.0	1.0	1.0
GCA.006465565.1.ASM646556v1	1.0	1.0	1.0	0.0	0.0	0.0	0.0
GCA.006466005.1.ASM646600v1	1.0	1.0	1.0	0.0	0.0	0.0	0.0
GCA.010974655.1.ASM1097465v1	0.0	1.0	1.0	0.0	1.0	1.0	1.0
GCA.010974675.1.ASM1097467v1	0.0	1.0	1.0	0.0	1.0	1.0	1.0
GCA.011604445.1.ASM1160444v1	1.0	1.0	1.0	1.0	1.0	1.0	1.0
GCA.900473875.1.DIV-1	0.0	1.0	1.0	0.0	0.0	1.0	0.0
GD_ZH_2021_05_15_bin_3	1.0	1.0	1.0	1.0	1.0	0.0	1.0
GVMAG-M-2140918012-1	0.0	1.0	1.0	0.0	1.0	1.0	1.0
GVMAG-M-3300000115-19	1.0	1.0	1.0	0.0	0.0	0.0	1.0
GVMAG-M-3300002242-2	1.0	1.0	1.0	1.0	1.0	1.0	1.0
GVMAG-M-3300002367-2	1.0	0.0	1.0	1.0	0.0	0.0	0.0
GVMAG-M-3300005613-33	1.0	1.0	1.0	0.0	1.0	1.0	1.0
GVMAG-M-3300005613-55	0.0	1.0	1.0	1.0	1.0	1.0	1.0
GVMAG-M-3300005613-6	0.0	1.0	1.0	1.0	1.0	1.0	1.0
GVMAG-M-3300005613-8	1.0	1.0	1.0	1.0	1.0	1.0	1.0
GVMAG-M-3300007345-3	1.0	0.0	1.0	0.0	1.0	1.0	0.0
GVMAG-M-3300009068-1	0.0	1.0	1.0	1.0	1.0	1.0	1.0
GVMAG-M-3300009068-46	0.0	1.0	1.0	0.0	1.0	0.0	0.0
GVMAG-M-3300009149-34	1.0	1.0	1.0	1.0	1.0	1.0	1.0
GVMAG-M-3300009169-13	0.0	1.0	1.0	1.0	1.0	1.0	1.0
GVMAG-M-3300009182-48	1.0	1.0	1.0	1.0	1.0	1.0	1.0
GVMAG-M-3300009182-61	1.0	0.0	1.0	0.0	1.0	0.0	1.0
GVMAG-M-3300009182-67	1.0	0.0	1.0	1.0	1.0	0.0	1.0
GVMAG-M-3300009182-9	1.0	1.0	1.0	1.0	0.0	0.0	1.0
GVMAG-M-3300009436-41	0.0	1.0	1.0	1.0	1.0	1.0	1.0
GVMAG-M-3300009488-16	1.0	0.0	1.0	1.0	1.0	1.0	0.0
GVMAG-M-3300009706-33	0.0	1.0	1.0	0.0	1.0	1.0	1.0
GVMAG-M-3300010299-8	1.0	1.0	1.0	0.0	0.0	1.0	0.0
GVMAG-M-3300011013-19	0.0	1.0	1.0	1.0	1.0	1.0	1.0
GVMAG-M-3300012920-24	0.0	1.0	1.0	0.0	1.0	1.0	1.0
GVMAG-M-3300012920-30	1.0	0.0	1.0	0.0	0.0	1.0	1.0
GVMAG-M-3300012936-1	1.0	0.0	1.0	0.0	1.0	1.0	0.0
GVMAG-M-3300013010-19	1.0	1.0	1.0	1.0	1.0	1.0	0.0
GVMAG-M-3300013127-28	1.0	1.0	1.0	0.0	0.0	0.0	1.0
GVMAG-M-3300014838-63	0.0	0.0	1.0	0.0	1.0	0.0	1.0
GVMAG-M-3300015360-128	1.0	1.0	1.0	0.0	0.0	1.0	1.0
GVMAG-M-3300015360-154	1.0	1.0	1.0	1.0	0.0	1.0	0.0
GVMAG-M-3300017783-9	1.0	1.0	1.0	1.0	1.0	1.0	0.0
GVMAG-M-3300017963-10	1.0	0.0	1.0	1.0	0.0	0.0	1.0
GVMAG-M-3300017963-13	1.0	1.0	1.0	0.0	0.0	1.0	0.0
GVMAG-M-3300017963-43	1.0	1.0	1.0	0.0	1.0	1.0	1.0
GVMAG-M-3300017967-22	1.0	1.0	1.0	1.0	1.0	1.0	0.0
GVMAG-M-3300017971-10	1.0	1.0	1.0	0.0	0.0	1.0	1.0
GVMAG-M-3300017971-26	1.0	0.0	1.0	1.0	1.0	0.0	1.0
GVMAG-M-3300017987-33	1.0	1.0	1.0	0.0	1.0	0.0	1.0
GVMAG-M-3300017989-16	1.0	1.0	1.0	1.0	1.0	1.0	1.0
GVMAG-M-3300017989-17	0.0	0.0	1.0	0.0	0.0	1.0	1.0
GVMAG-M-3300017989-29	0.0	0.0	1.0	0.0	0.0	1.0	1.0
GVMAG-M-3300017991-11	0.0	1.0	1.0	1.0	1.0	1.0	1.0
GVMAG-M-3300018080-19	1.0	1.0	1.0	0.0	0.0	1.0	1.0
GVMAG-M-3300018080-29	1.0	1.0	1.0	1.0	1.0	1.0	1.0
GVMAG-M-3300020166-18	1.0	1.0	1.0	1.0	1.0	1.0	1.0
GVMAG-M-3300020169-51	1.0	1.0	1.0	1.0	1.0	1.0	1.0
GVMAG-M-3300020185-33	1.0	1.0	1.0	1.0	1.0	1.0	1.0
GVMAG-M-3300020192-26	1.0	1.0	1.0	1.0	1.0	1.0	1.0
GVMAG-M-3300020716-5	1.0	1.0	1.0	1.0	1.0	0.0	1.0
GVMAG-M-3300021079-18	1.0	0.0	1.0	0.0	1.0	0.0	1.0
GVMAG-M-3300021108-1	1.0	0.0	0.0	0.0	1.0	1.0	0.0
GVMAG-M-3300021364-5	0.0	0.0	1.0	0.0	1.0	1.0	0.0
GVMAG-M-3300021389-31	1.0	1.0	1.0	1.0	1.0	1.0	1.0
GVMAG-M-3300021473-15	0.0	0.0	1.0	0.0	0.0	1.0	1.0
GVMAG-M-3300021516-3	0.0	0.0	1.0	1.0	1.0	1.0	0.0
GVMAG-M-3300022916-4	1.0	1.0	1.0	1.0	1.0	1.0	1.0
GVMAG-M-3300022916-57	1.0	1.0	1.0	0.0	1.0	0.0	0.0
GVMAG-M-3300022934-23	1.0	0.0	1.0	1.0	1.0	0.0	1.0
GVMAG-M-3300023087-13	1.0	0.0	1.0	1.0	1.0	1.0	1.0
GVMAG-M-3300023112-4	1.0	1.0	1.0	1.0	1.0	1.0	1.0
GVMAG-M-3300023174-102	1.0	1.0	1.0	1.0	1.0	1.0	1.0
GVMAG-M-3300023174-150	1.0	0.0	1.0	0.0	0.0	0.0	0.0
GVMAG-M-3300023174-161	1.0	0.0	1.0	1.0	0.0	0.0	1.0
GVMAG-M-3300023174-172	1.0	0.0	1.0	0.0	1.0	1.0	0.0
GVMAG-M-3300023174-68	1.0	0.0	1.0	1.0	1.0	1.0	1.0
GVMAG-M-3300023179-103	1.0	1.0	1.0	1.0	1.0	1.0	1.0
GVMAG-M-3300023179-117	1.0	0.0	1.0	0.0	1.0	1.0	1.0
GVMAG-M-3300023179-119	1.0	0.0	1.0	0.0	0.0	1.0	0.0
GVMAG-M-3300023179-150	1.0	0.0	1.0	1.0	1.0	0.0	1.0
GVMAG-M-3300023179-27	1.0	1.0	1.0	1.0	1.0	1.0	1.0
GVMAG-M-3300023179-92	1.0	1.0	1.0	1.0	0.0	1.0	1.0
GVMAG-M-3300023179-99	1.0	1.0	1.0	1.0	1.0	1.0	1.0
GVMAG-M-3300023184-134	0.0	1.0	1.0	1.0	1.0	1.0	0.0
GVMAG-M-3300023184-24	1.0	0.0	1.0	1.0	1.0	1.0	1.0
GVMAG-M-3300023184-36	1.0	1.0	1.0	1.0	1.0	1.0	1.0
GVMAG-M-3300023184-50	1.0	1.0	1.0	1.0	1.0	1.0	1.0
GVMAG-M-3300023184-58	0.0	1.0	1.0	1.0	0.0	1.0	1.0
GVMAG-M-3300023184-62	1.0	1.0	1.0	1.0	1.0	1.0	1.0
GVMAG-M-3300023210-27	1.0	1.0	1.0	0.0	1.0	1.0	1.0
GVMAG-M-3300023210-35	1.0	1.0	1.0	1.0	1.0	1.0	0.0
GVMAG-M-3300024255-31	1.0	0.0	1.0	0.0	1.0	0.0	1.0
GVMAG-M-3300024294-11	1.0	1.0	1.0	0.0	1.0	1.0	1.0
GVMAG-M-3300024319-1	1.0	1.0	1.0	1.0	1.0	1.0	0.0
GVMAG-M-3300024329-18	1.0	1.0	1.0	0.0	0.0	0.0	1.0
GVMAG-M-3300025652-16	1.0	0.0	1.0	1.0	1.0	1.0	1.0
GVMAG-M-3300025676-16	1.0	1.0	1.0	1.0	1.0	1.0	1.0
GVMAG-M-3300025778-1	1.0	1.0	1.0	1.0	0.0	1.0	1.0
GVMAG-M-3300025849-19	1.0	1.0	1.0	0.0	1.0	1.0	1.0
GVMAG-M-3300025860-17	1.0	1.0	1.0	0.0	1.0	0.0	1.0
GVMAG-M-3300027206-1	1.0	0.0	1.0	1.0	1.0	1.0	1.0
GVMAG-M-3300027687-8	0.0	1.0	1.0	0.0	1.0	1.0	1.0
GVMAG-M-3300027779-64	0.0	1.0	1.0	1.0	1.0	1.0	1.0
GVMAG-M-3300027788-41	1.0	0.0	1.0	0.0	0.0	1.0	1.0
GVMAG-M-3300027833-29	1.0	1.0	1.0	1.0	1.0	1.0	1.0
GVMAG-M-3300027892-35	0.0	0.0	1.0	1.0	1.0	1.0	1.0
GVMAG-M-3300027906-13	1.0	0.0	1.0	1.0	0.0	1.0	1.0
GVMAG-S-1004661-13	1.0	1.0	1.0	0.0	1.0	1.0	1.0
GVMAG-S-1014582-52	1.0	1.0	1.0	1.0	1.0	1.0	1.0
GVMAG-S-1015567-928	1.0	1.0	1.0	1.0	1.0	1.0	0.0
GVMAG-S-1016713-165	0.0	1.0	1.0	0.0	1.0	1.0	1.0
GVMAG-S-1026894-110	1.0	0.0	1.0	0.0	1.0	1.0	1.0
GVMAG-S-1026894-114	1.0	0.0	1.0	0.0	0.0	0.0	1.0
GVMAG-S-1026894-48	1.0	0.0	1.0	1.0	1.0	1.0	1.0
GVMAG-S-1030632-69	1.0	1.0	1.0	1.0	1.0	1.0	1.0
GVMAG-S-1035082-103	1.0	0.0	0.0	0.0	1.0	1.0	1.0
GVMAG-S-1035100-96	0.0	0.0	1.0	0.0	1.0	1.0	1.0
GVMAG-S-1037362-78	1.0	0.0	1.0	0.0	1.0	0.0	1.0
GVMAG-S-1038524-41	0.0	1.0	1.0	1.0	1.0	1.0	0.0
GVMAG-S-1041355-65	1.0	1.0	1.0	1.0	0.0	1.0	1.0
GVMAG-S-1045060-49	1.0	0.0	1.0	1.0	1.0	1.0	1.0
GVMAG-S-1074262-49	1.0	1.0	1.0	1.0	1.0	0.0	1.0
GVMAG-S-1085360-44	1.0	1.0	1.0	1.0	0.0	1.0	1.0
GVMAG-S-1096103-95	1.0	1.0	1.0	0.0	1.0	0.0	0.0
GVMAG-S-1101162-118	0.0	1.0	1.0	0.0	1.0	1.0	1.0
GVMAG-S-1101181-91	0.0	1.0	1.0	1.0	0.0	1.0	1.0
GVMAG-S-1101182-111	1.0	1.0	1.0	0.0	1.0	1.0	0.0
GVMAG-S-1102113-118	1.0	0.0	1.0	0.0	0.0	1.0	1.0
GVMAG-S-1102113-126	1.0	0.0	1.0	1.0	0.0	1.0	1.0
GVMAG-S-1103017-68	1.0	1.0	0.0	0.0	0.0	1.0	1.0
GVMAG-S-3300000115-46	1.0	1.0	1.0	1.0	1.0	1.0	1.0
GVMAG-S-3300002154-22	0.0	1.0	1.0	1.0	0.0	1.0	1.0
GVMAG-S-3300002186-40	1.0	1.0	0.0	1.0	1.0	1.0	0.0
GVMAG-S-3300002466-75	1.0	1.0	1.0	1.0	1.0	1.0	1.0
GVMAG-S-3300007519-203	1.0	0.0	1.0	1.0	0.0	1.0	1.0
GVMAG-S-3300009702-144	1.0	1.0	1.0	1.0	1.0	0.0	1.0
GVMAG-S-3300009703-83	1.0	1.0	1.0	1.0	0.0	0.0	1.0
GVMAG-S-3300010158-109	1.0	1.0	1.0	1.0	1.0	1.0	0.0
GVMAG-S-3300010316-21	1.0	1.0	1.0	0.0	0.0	0.0	1.0
GVMAG-S-3300010368-70	0.0	1.0	1.0	1.0	1.0	1.0	1.0
GVMAG-S-3300013014-136	1.0	1.0	1.0	1.0	0.0	1.0	0.0
GVMAG-S-3300013131-216	1.0	1.0	1.0	0.0	1.0	1.0	0.0
GVMAG-S-ERX555907-72	1.0	1.0	1.0	1.0	1.0	1.0	1.0
GVMAG-S-ERX555915-91	0.0	1.0	1.0	0.0	1.0	1.0	1.0
GVMAG-S-ERX556009-51	0.0	1.0	1.0	0.0	0.0	1.0	1.0
GVMAG-S-ERX556028-76	1.0	0.0	1.0	0.0	0.0	1.0	0.0
GVMAG-S-ERX556068-66	0.0	1.0	1.0	0.0	0.0	1.0	1.0
HN_SY_2021_04_15_bin_4	0.0	1.0	0.0	0.0	1.0	1.0	1.0
JS_LYG_2021_05_15_bin_1	1.0	0.0	1.0	0.0	0.0	1.0	1.0
JS_LYG_2021_05_15_bin_5	0.0	1.0	1.0	0.0	1.0	1.0	1.0
JS_YC_2021_05_15_bin_10	1.0	1.0	1.0	1.0	1.0	0.0	0.0
JS_YC_2021_05_15_bin_12	1.0	1.0	1.0	0.0	0.0	1.0	1.0
JS_YC_2021_05_15_bin_4	1.0	1.0	1.0	1.0	1.0	0.0	0.0
JS_YC_2021_05_15_bin_5	1.0	1.0	1.0	0.0	1.0	0.0	0.0
JS_YC_2021_05_15_bin_6	0.0	1.0	1.0	0.0	1.0	1.0	0.0
JS_YC_2021_05_15_bin_7	0.0	1.0	1.0	0.0	1.0	1.0	1.0
LN_DD_2021_06_15_bin_1	1.0	0.0	0.0	1.0	1.0	1.0	1.0
LN_DD_2021_06_15_bin_10	1.0	1.0	0.0	0.0	0.0	1.0	1.0
LN_DD_2021_06_15_bin_2	1.0	1.0	1.0	1.0	1.0	1.0	1.0
LN_DD_2021_06_15_bin_6	1.0	0.0	1.0	1.0	1.0	1.0	1.0
LN_DD_2021_06_15_bin_8	1.0	1.0	1.0	1.0	1.0	1.0	0.0
LN_DD_2021_06_15_bin_9	1.0	1.0	1.0	1.0	1.0	1.0	1.0
Marseillevirus.LCMAC101	1.0	1.0	1.0	1.0	1.0	1.0	1.0
Marseillevirus.LCMAC102	1.0	1.0	1.0	1.0	1.0	1.0	0.0
Marseillevirus.LCMAC201	1.0	0.0	1.0	1.0	1.0	1.0	0.0
Marseillevirus.LCMAC202	1.0	1.0	1.0	1.0	1.0	1.0	0.0
Mimivirus.LCMiAC01	1.0	0.0	1.0	0.0	0.0	1.0	1.0
Mimivirus.LCMiAC02	1.0	1.0	1.0	1.0	1.0	1.0	1.0
PaV1.fna	0.0	0.0	1.0	0.0	0.0	0.0	0.0
Pithovirus.LCPAC104	1.0	1.0	1.0	1.0	1.0	0.0	0.0
Pithovirus.LCPAC201	1.0	1.0	1.0	0.0	1.0	0.0	0.0
Pithovirus.LCPAC202	1.0	1.0	1.0	0.0	1.0	0.0	0.0
Pithovirus.LCPAC304	1.0	0.0	1.0	1.0	1.0	0.0	0.0
SD_DY_2021_06_15_bin_1	1.0	0.0	1.0	1.0	1.0	1.0	0.0
SD_DY_2021_06_15_bin_6	1.0	1.0	0.0	1.0	0.0	1.0	0.0
SD_QD_2020_06_15_bin_11	0.0	0.0	0.0	0.0	1.0	1.0	0.0
SD_QD_2020_06_15_bin_13	1.0	1.0	1.0	0.0	1.0	1.0	1.0
SD_QD_2020_06_15_bin_14	1.0	0.0	0.0	1.0	0.0	0.0	1.0
SD_QD_2020_06_15_bin_20	0.0	0.0	0.0	0.0	0.0	1.0	1.0
SD_QD_2020_06_15_bin_23	1.0	1.0	1.0	0.0	0.0	1.0	1.0
SD_QD_2020_06_15_bin_26	1.0	1.0	1.0	1.0	1.0	1.0	0.0
SD_QD_2020_06_15_bin_29	1.0	1.0	1.0	0.0	0.0	1.0	1.0
SD_QD_2020_06_15_bin_35	1.0	0.0	1.0	0.0	0.0	1.0	1.0
SD_QD_2020_06_15_bin_37	1.0	0.0	0.0	0.0	0.0	1.0	1.0
SD_QD_2020_06_15_bin_38	0.0	1.0	0.0	1.0	1.0	1.0	0.0
SD_QD_2020_06_15_bin_4	1.0	1.0	1.0	1.0	1.0	0.0	1.0
SD_QD_2020_06_15_bin_40	1.0	1.0	1.0	0.0	1.0	1.0	1.0
SD_QD_2020_06_15_bin_41	1.0	0.0	0.0	0.0	1.0	1.0	0.0
SD_QD_2020_06_15_bin_44	1.0	1.0	1.0	0.0	0.0	1.0	1.0
SD_QD_2020_06_15_bin_6	1.0	0.0	0.0	1.0	1.0	1.0	0.0
SD_QD_2020_06_15_bin_7	1.0	0.0	0.0	1.0	0.0	1.0	0.0
SD_QD_2020_08_15_bin_3	1.0	1.0	0.0	0.0	0.0	1.0	1.0
SD_QD_2020_12_15_bin_6	1.0	0.0	1.0	0.0	1.0	1.0	1.0
SD_QD_2021_02_15_bin_4	1.0	1.0	1.0	0.0	1.0	1.0	0.0
SD_QD_2021_02_15_bin_5	1.0	0.0	1.0	0.0	0.0	1.0	0.0
SD_QD_2023_07_100_ultra_bin_1	0.0	0.0	1.0	0.0	0.0	1.0	0.0
SD_QD_2023_07_100_ultra_bin_3	0.0	0.0	0.0	0.0	0.0	1.0	1.0
SD_QD_2023_07_100_ultra_bin_9	1.0	1.0	0.0	1.0	1.0	1.0	1.0
SD_QD_2023_07_40_normal_bin_17	1.0	1.0	1.0	0.0	1.0	1.0	0.0
SD_QD_2023_07_40_ultra_bin_12	1.0	1.0	1.0	0.0	0.0	1.0	1.0
SD_QD_2023_07_40_ultra_bin_3	0.0	0.0	0.0	0.0	0.0	1.0	1.0
SD_QD_2023_07_40_ultra_bin_9	1.0	1.0	1.0	0.0	1.0	1.0	0.0
SD_QD_2023_07_60_normal_bin_5	0.0	1.0	1.0	0.0	0.0	1.0	0.0
SD_QD_2023_07_60_ultra_bin_7	0.0	0.0	0.0	0.0	0.0	1.0	1.0
SD_QD_2023_07_80_normal_bin_13	0.0	0.0	0.0	0.0	0.0	1.0	1.0
SD_QD_2023_07_80_normal_bin_14	0.0	0.0	0.0	0.0	1.0	1.0	1.0
SD_QD_2023_07_80_normal_bin_18	1.0	0.0	0.0	0.0	0.0	1.0	1.0
SD_QD_2023_07_80_ultra_bin_14	1.0	1.0	1.0	0.0	0.0	0.0	0.0
SD_QD_2023_07_80_ultra_bin_15	0.0	0.0	0.0	0.0	0.0	1.0	1.0
SD_QD_2023_07_80_ultra_bin_21	1.0	0.0	0.0	0.0	0.0	1.0	0.0
SD_QD_2023_07_80_ultra_bin_3	1.0	1.0	0.0	0.0	1.0	0.0	0.0
SD_QD_2023_07_80_ultra_bin_7	0.0	1.0	0.0	1.0	1.0	1.0	1.0
SRX247688.42.dc	1.0	0.0	1.0	0.0	1.0	0.0	0.0
SRX272783.128.dc	1.0	0.0	1.0	1.0	0.0	1.0	1.0
SRX310217.15.dc	1.0	1.0	1.0	1.0	1.0	1.0	1.0
SRX310217.20.dc	0.0	1.0	1.0	1.0	1.0	1.0	1.0
SRX327520.21.dc	1.0	1.0	1.0	1.0	1.0	1.0	0.0
SRX327520.331.dc	1.0	1.0	1.0	1.0	1.0	1.0	1.0
SRX327722.61.dc	1.0	1.0	1.0	1.0	1.0	1.0	0.0
SRX330942.33.dc	1.0	0.0	1.0	1.0	1.0	1.0	1.0
SRX331950.28.dc	1.0	1.0	1.0	1.0	1.0	1.0	1.0
SRX696246.4.dc	1.0	1.0	1.0	1.0	1.0	1.0	1.0
SRX802073.108.dc	1.0	1.0	0.0	0.0	0.0	1.0	1.0
SRX802073.13.dc	1.0	0.0	1.0	1.0	0.0	0.0	1.0
SRX802074.61.dc	1.0	1.0	1.0	1.0	1.0	0.0	1.0
SRX802075.4.dc	1.0	0.0	1.0	1.0	1.0	1.0	1.0
SRX802076.48.dc	1.0	1.0	1.0	1.0	1.0	1.0	1.0
SRX802077.35.dc	1.0	1.0	1.0	1.0	1.0	1.0	1.0
SRX802143.8.dc	1.0	1.0	1.0	1.0	1.0	1.0	1.0
SRX802189.61.dc	1.0	1.0	1.0	1.0	1.0	1.0	1.0
SRX802202.129.dc	1.0	1.0	1.0	0.0	1.0	1.0	1.0
SRX802202.37.dc	1.0	1.0	1.0	1.0	0.0	1.0	1.0
SRX802963.109.dc	1.0	1.0	1.0	1.0	0.0	1.0	1.0
SRX802982.1.dc	1.0	0.0	1.0	0.0	1.0	1.0	0.0
SRX803008.78.dc	1.0	1.0	1.0	1.0	1.0	1.0	1.0
ZJ_NB_2021_05_15_bin_12	0.0	0.0	1.0	0.0	0.0	1.0	0.0
ZJ_NB_2021_05_15_bin_17	0.0	1.0	1.0	1.0	1.0	0.0	1.0
ZJ_NB_2021_05_15_bin_19	1.0	0.0	1.0	1.0	1.0	1.0	1.0
ZJ_NB_2021_05_15_bin_4	1.0	0.0	1.0	0.0	0.0	1.0	1.0
ZJ_NB_2021_05_15_bin_5	1.0	0.0	0.0	1.0	0.0	0.0	0.0
ZJ_NB_2021_05_15_bin_9	1.0	1.0	1.0	1.0	1.0	1.0	1.0
ZJ_WZ_2021_05_15_bin_11	0.0	0.0	1.0	0.0	1.0	0.0	0.0
ZJ_WZ_2021_05_15_bin_4	1.0	0.0	1.0	0.0	1.0	0.0	0.0
ZJ_WZ_2021_05_15_bin_8	1.0	0.0	1.0	1.0	1.0	1.0	1.0
