distv_num,dist_loca_num,Tax
-1.755227164,5.37758386,Nucleocytoviricota
-1.601551486,5.37758386,Nucleocytoviricota
-1.593589764,5.37758386,Nucleocytoviricota
-1.581783347,5.37758386,Nucleocytoviricota
-1.479373511,5.37758386,Nucleocytoviricota
-1.414000099,5.37758386,Nucleocytoviricota
-1.406610298,5.37758386,Nucleocytoviricota
-1.334487126,5.37758386,Nucleocytoviricota
-1.332124471,5.37758386,Nucleocytoviricota
-1.331352761,5.37758386,Nucleocytoviricota
-1.327108573,5.37758386,Nucleocytoviricota
-1.254294796,5.37758386,Nucleocytoviricota
-1.247361128,5.37758386,Nucleocytoviricota
-1.217231178,5.37758386,Nucleocytoviricota
-1.206992564,5.37758386,Nucleocytoviricota
-1.204709747,5.37758386,Nucleocytoviricota
-1.197130687,5.37758386,Nucleocytoviricota
-1.139022385,5.37758386,Nucleocytoviricota
-1.110299471,5.37758386,Nucleocytoviricota
-1.095040125,5.37758386,Nucleocytoviricota
-1.093473699,5.37758386,Nucleocytoviricota
-1.064339035,5.37758386,Nucleocytoviricota
-1.047026693,5.37758386,Nucleocytoviricota
-1.046997359,5.37758386,Nucleocytoviricota
-1.043314817,5.37758386,Nucleocytoviricota
-1.031934942,5.37758386,Nucleocytoviricota
-1.027311011,5.37758386,Nucleocytoviricota
-1.018585182,5.37758386,Nucleocytoviricota
-1.015334968,5.37758386,Nucleocytoviricota
-0.998273077,5.37758386,Nucleocytoviricota
-0.997645309,5.37758386,Nucleocytoviricota
-0.986541858,5.37758386,Nucleocytoviricota
-0.959490097,5.37758386,Nucleocytoviricota
-0.958685697,5.37758386,Nucleocytoviricota
-0.915730326,5.37758386,Nucleocytoviricota
-0.900395948,5.37758386,Nucleocytoviricota
-0.899970482,5.37758386,Nucleocytoviricota
-0.883235534,5.37758386,Nucleocytoviricota
-0.865608818,5.37758386,Nucleocytoviricota
-0.841167994,5.37758386,Nucleocytoviricota
-0.824165738,5.37758386,Nucleocytoviricota
-0.793111387,5.37758386,Nucleocytoviricota
-0.727904877,5.37758386,Nucleocytoviricota
-0.72154699,5.37758386,Nucleocytoviricota
-0.69507639,5.37758386,Nucleocytoviricota
-0.670065843,5.37758386,Nucleocytoviricota
-0.660194082,5.37758386,Nucleocytoviricota
-0.634804296,5.37758386,Nucleocytoviricota
-0.610460555,5.37758386,Nucleocytoviricota
-0.682305172,5.384933461,Nucleocytoviricota
-0.562952447,5.384933461,Nucleocytoviricota
-0.554245655,5.384933461,Nucleocytoviricota
-0.537741188,5.384933461,Nucleocytoviricota
-0.527664558,5.384933461,Nucleocytoviricota
-0.516302669,5.384933461,Nucleocytoviricota
-0.510893768,5.384933461,Nucleocytoviricota
-0.50812456,5.384933461,Nucleocytoviricota
-0.498943154,5.384933461,Nucleocytoviricota
-0.490561249,5.384933461,Nucleocytoviricota
-0.489116013,5.384933461,Nucleocytoviricota
-0.483367422,5.384933461,Nucleocytoviricota
-0.481600151,5.384933461,Nucleocytoviricota
-0.476520112,5.384933461,Nucleocytoviricota
-0.47432725,5.384933461,Nucleocytoviricota
-0.473611707,5.384933461,Nucleocytoviricota
-0.460181829,5.384933461,Nucleocytoviricota
-0.45249511,5.384933461,Nucleocytoviricota
-0.450753407,5.384933461,Nucleocytoviricota
-0.450630666,5.384933461,Nucleocytoviricota
-0.448467551,5.384933461,Nucleocytoviricota
-0.446012688,5.384933461,Nucleocytoviricota
-0.440951105,5.384933461,Nucleocytoviricota
-0.435454937,5.384933461,Nucleocytoviricota
-0.433372941,5.384933461,Nucleocytoviricota
-0.431690719,5.384933461,Nucleocytoviricota
-0.427922058,5.384933461,Nucleocytoviricota
-0.427685536,5.384933461,Nucleocytoviricota
-0.424421276,5.384933461,Nucleocytoviricota
-0.424214832,5.384933461,Nucleocytoviricota
-0.417950797,5.384933461,Nucleocytoviricota
-0.410982971,5.384933461,Nucleocytoviricota
-0.410025119,5.384933461,Nucleocytoviricota
-0.402860242,5.384933461,Nucleocytoviricota
-0.400894505,5.384933461,Nucleocytoviricota
-0.397264187,5.384933461,Nucleocytoviricota
-0.393699733,5.384933461,Nucleocytoviricota
-0.390959298,5.384933461,Nucleocytoviricota
-0.383431176,5.384933461,Nucleocytoviricota
-0.38279329,5.384933461,Nucleocytoviricota
-0.382160713,5.384933461,Nucleocytoviricota
-0.380960914,5.384933461,Nucleocytoviricota
-0.38015177,5.384933461,Nucleocytoviricota
-0.378423755,5.384933461,Nucleocytoviricota
-0.375588705,5.384933461,Nucleocytoviricota
-0.362357823,5.384933461,Nucleocytoviricota
-0.356892183,5.384933461,Nucleocytoviricota
-0.353541267,5.384933461,Nucleocytoviricota
-0.352200174,5.384933461,Nucleocytoviricota
-0.350241169,5.384933461,Nucleocytoviricota
-0.35011155,5.384933461,Nucleocytoviricota
-0.349667571,5.384933461,Nucleocytoviricota
-0.34833674,5.384933461,Nucleocytoviricota
-0.347939386,5.384933461,Nucleocytoviricota
-0.347293509,5.384933461,Nucleocytoviricota
-0.327272158,5.384933461,Nucleocytoviricota
-0.307436909,5.384933461,Nucleocytoviricota
-0.293791098,5.384933461,Nucleocytoviricota
-0.280112411,5.384933461,Nucleocytoviricota
-0.272511028,5.384933461,Nucleocytoviricota
-0.264981806,5.384933461,Nucleocytoviricota
-0.240068164,5.384933461,Nucleocytoviricota
-0.172732365,5.384933461,Nucleocytoviricota
-0.14393403,5.384933461,Nucleocytoviricota
-1.57281374,5.54547503,Nucleocytoviricota
-1.572782598,5.54547503,Nucleocytoviricota
-1.569668241,5.54547503,Nucleocytoviricota
-1.555171252,5.54547503,Nucleocytoviricota
-1.52661093,5.54547503,Nucleocytoviricota
-1.519684854,5.54547503,Nucleocytoviricota
-1.515506342,5.54547503,Nucleocytoviricota
-1.515475192,5.54547503,Nucleocytoviricota
-1.512360084,5.54547503,Nucleocytoviricota
-1.507038292,5.54547503,Nucleocytoviricota
-1.497859528,5.54547503,Nucleocytoviricota
-1.469291819,5.54547503,Nucleocytoviricota
-1.462363877,5.54547503,Nucleocytoviricota
-1.449713831,5.54547503,Nucleocytoviricota
-1.417077117,5.54547503,Nucleocytoviricota
-1.35972471,5.54547503,Nucleocytoviricota
-1.345363446,5.54547503,Nucleocytoviricota
-1.345307676,5.54547503,Nucleocytoviricota
-1.343946022,5.54547503,Nucleocytoviricota
-1.343886636,5.54547503,Nucleocytoviricota
-1.339714335,5.54547503,Nucleocytoviricota
-1.337928078,5.54547503,Nucleocytoviricota
-1.313243844,5.54547503,Nucleocytoviricota
-1.309659466,5.54547503,Nucleocytoviricota
-1.258790917,5.54547503,Nucleocytoviricota
-1.251116762,5.54547503,Nucleocytoviricota
-1.245073251,5.54547503,Nucleocytoviricota
-1.236278668,5.54547503,Nucleocytoviricota
-1.227012991,5.54547503,Nucleocytoviricota
-1.226963169,5.54547503,Nucleocytoviricota
-1.221969837,5.54547503,Nucleocytoviricota
-1.219451147,5.54547503,Nucleocytoviricota
-1.20916494,5.54547503,Nucleocytoviricota
-1.209118153,5.54547503,Nucleocytoviricota
-1.208458235,5.54547503,Nucleocytoviricota
-1.20443069,5.54547503,Nucleocytoviricota
-1.198434131,5.54547503,Nucleocytoviricota
-1.182381916,5.54547503,Nucleocytoviricota
-1.154727942,5.54547503,Nucleocytoviricota
-1.154695268,5.54547503,Nucleocytoviricota
-1.151427179,5.54547503,Nucleocytoviricota
-1.150539107,5.54547503,Nucleocytoviricota
-1.13859026,5.54547503,Nucleocytoviricota
-1.137755461,5.54547503,Nucleocytoviricota
-1.136199148,5.54547503,Nucleocytoviricota
-1.126675656,5.54547503,Nucleocytoviricota
-1.116404757,5.54547503,Nucleocytoviricota
-1.106163606,5.54547503,Nucleocytoviricota
-1.106121291,5.54547503,Nucleocytoviricota
-1.09881108,5.54547503,Nucleocytoviricota
-1.0854462,5.54547503,Nucleocytoviricota
-1.008461794,5.54547503,Nucleocytoviricota
-0.989681094,5.54547503,Nucleocytoviricota
-0.972713938,5.54547503,Nucleocytoviricota
-0.970949711,5.54547503,Nucleocytoviricota
-0.970905064,5.54547503,Nucleocytoviricota
-0.966433177,5.54547503,Nucleocytoviricota
-0.94737337,5.54547503,Nucleocytoviricota
-0.945428712,5.54547503,Nucleocytoviricota
-0.941267432,5.54547503,Nucleocytoviricota
-0.903076617,5.54547503,Nucleocytoviricota
-0.892596654,5.54547503,Nucleocytoviricota
-0.873233982,5.54547503,Nucleocytoviricota
-0.725290398,5.54547503,Nucleocytoviricota
-2.055237998,5.606244398,Nucleocytoviricota
-2.001243658,5.606244398,Nucleocytoviricota
-1.954886802,5.606244398,Nucleocytoviricota
-1.948949051,5.606244398,Nucleocytoviricota
-1.933884806,5.606244398,Nucleocytoviricota
-1.931477733,5.606244398,Nucleocytoviricota
-1.909404678,5.606244398,Nucleocytoviricota
-1.908724112,5.606244398,Nucleocytoviricota
-1.930586238,5.685629851,Nucleocytoviricota
-1.884292665,5.685629851,Nucleocytoviricota
-1.810267135,5.685629851,Nucleocytoviricota
-1.768924984,5.685629851,Nucleocytoviricota
-1.764549692,5.685629851,Nucleocytoviricota
-1.741525827,5.685629851,Nucleocytoviricota
-1.733912566,5.685629851,Nucleocytoviricota
-1.722161161,5.685629851,Nucleocytoviricota
-1.701217085,5.685629851,Nucleocytoviricota
-1.699512868,5.685629851,Nucleocytoviricota
-1.672645358,5.685629851,Nucleocytoviricota
-1.66905953,5.685629851,Nucleocytoviricota
-1.6510476,5.685629851,Nucleocytoviricota
-1.58737297,5.685629851,Nucleocytoviricota
-1.538849536,5.685629851,Nucleocytoviricota
-1.524534115,5.685629851,Nucleocytoviricota
-1.479679815,5.685629851,Nucleocytoviricota
-1.463059083,5.685629851,Nucleocytoviricota
-1.42409741,5.685629851,Nucleocytoviricota
-1.42290646,5.685629851,Nucleocytoviricota
-1.394680966,5.685629851,Nucleocytoviricota
-1.39013136,5.685629851,Nucleocytoviricota
-1.38073717,5.685629851,Nucleocytoviricota
-1.356964715,5.685629851,Nucleocytoviricota
-1.343113504,5.685629851,Nucleocytoviricota
-1.296175305,5.685629851,Nucleocytoviricota
-1.284533846,5.685629851,Nucleocytoviricota
-1.239468153,5.685629851,Nucleocytoviricota
-1.231773528,5.685629851,Nucleocytoviricota
-1.209612654,5.685629851,Nucleocytoviricota
-1.201981523,5.685629851,Nucleocytoviricota
-1.188252257,5.685629851,Nucleocytoviricota
-1.183364302,5.685629851,Nucleocytoviricota
-1.179774831,5.685629851,Nucleocytoviricota
-1.176317785,5.685629851,Nucleocytoviricota
-1.156057814,5.685629851,Nucleocytoviricota
-1.153885713,5.685629851,Nucleocytoviricota
-1.146586944,5.685629851,Nucleocytoviricota
-1.134805666,5.685629851,Nucleocytoviricota
-1.134665109,5.685629851,Nucleocytoviricota
-1.112664231,5.685629851,Nucleocytoviricota
-1.100775628,5.685629851,Nucleocytoviricota
-1.095502015,5.685629851,Nucleocytoviricota
-1.076968835,5.685629851,Nucleocytoviricota
-1.075127134,5.685629851,Nucleocytoviricota
-1.068069783,5.685629851,Nucleocytoviricota
-1.065228709,5.685629851,Nucleocytoviricota
-1.061536369,5.685629851,Nucleocytoviricota
-1.056213329,5.685629851,Nucleocytoviricota
-1.045602167,5.685629851,Nucleocytoviricota
-1.032795768,5.685629851,Nucleocytoviricota
-1.026134493,5.685629851,Nucleocytoviricota
-1.022437023,5.685629851,Nucleocytoviricota
-1.011712123,5.685629851,Nucleocytoviricota
-0.994860212,5.685629851,Nucleocytoviricota
-0.983575484,5.685629851,Nucleocytoviricota
-0.9769916,5.685629851,Nucleocytoviricota
-0.934761443,5.685629851,Nucleocytoviricota
-0.924957536,5.685629851,Nucleocytoviricota
-0.883413606,5.685629851,Nucleocytoviricota
-0.864968928,5.685629851,Nucleocytoviricota
-0.825123792,5.685629851,Nucleocytoviricota
-1.598387261,5.741021196,Nucleocytoviricota
-1.54108583,5.741021196,Nucleocytoviricota
-1.480395501,5.741021196,Nucleocytoviricota
-1.471802665,5.741021196,Nucleocytoviricota
-1.466676158,5.741021196,Nucleocytoviricota
-1.443805135,5.741021196,Nucleocytoviricota
-1.435576808,5.741021196,Nucleocytoviricota
-1.423063357,5.741021196,Nucleocytoviricota
-1.421844783,5.741021196,Nucleocytoviricota
-1.414467942,5.741021196,Nucleocytoviricota
-1.412186253,5.741021196,Nucleocytoviricota
-1.409339872,5.741021196,Nucleocytoviricota
-1.391477622,5.741021196,Nucleocytoviricota
-1.390144865,5.741021196,Nucleocytoviricota
-1.386461643,5.741021196,Nucleocytoviricota
-1.37823063,5.741021196,Nucleocytoviricota
-1.364494007,5.741021196,Nucleocytoviricota
-1.354832155,5.741021196,Nucleocytoviricota
-1.267232829,5.741021196,Nucleocytoviricota
-1.249390998,5.741021196,Nucleocytoviricota
-1.247038334,5.741021196,Nucleocytoviricota
-1.162756344,5.741021196,Nucleocytoviricota
-1.146365585,5.741021196,Nucleocytoviricota
-1.143586138,5.741021196,Nucleocytoviricota
-1.131921067,5.741021196,Nucleocytoviricota
-1.125187819,5.741021196,Nucleocytoviricota
-1.125085708,5.741021196,Nucleocytoviricota
-1.11595837,5.741021196,Nucleocytoviricota
-1.112252279,5.741021196,Nucleocytoviricota
-1.110507585,5.741021196,Nucleocytoviricota
-1.086139153,5.741021196,Nucleocytoviricota
-1.077579324,5.741021196,Nucleocytoviricota
-1.077351197,5.741021196,Nucleocytoviricota
-1.067962942,5.741021196,Nucleocytoviricota
-1.062659606,5.741021196,Nucleocytoviricota
-1.061661359,5.741021196,Nucleocytoviricota
-1.057007851,5.741021196,Nucleocytoviricota
-1.052306428,5.741021196,Nucleocytoviricota
-1.051796953,5.741021196,Nucleocytoviricota
-1.051463821,5.741021196,Nucleocytoviricota
-1.046902267,5.741021196,Nucleocytoviricota
-1.042917181,5.741021196,Nucleocytoviricota
-1.042015288,5.741021196,Nucleocytoviricota
-1.037995365,5.741021196,Nucleocytoviricota
-1.02820543,5.741021196,Nucleocytoviricota
-1.021298791,5.741021196,Nucleocytoviricota
-0.997266132,5.741021196,Nucleocytoviricota
-0.99702413,5.741021196,Nucleocytoviricota
-0.995039013,5.741021196,Nucleocytoviricota
-0.987474773,5.741021196,Nucleocytoviricota
-0.98218686,5.741021196,Nucleocytoviricota
-0.980251199,5.741021196,Nucleocytoviricota
-0.957208192,5.741021196,Nucleocytoviricota
-0.956471627,5.741021196,Nucleocytoviricota
-0.951491975,5.741021196,Nucleocytoviricota
-0.937944233,5.741021196,Nucleocytoviricota
-0.930642692,5.741021196,Nucleocytoviricota
-0.872477803,5.741021196,Nucleocytoviricota
-0.867164822,5.741021196,Nucleocytoviricota
-0.853351766,5.741021196,Nucleocytoviricota
-0.807126614,5.741021196,Nucleocytoviricota
-0.794737628,5.741021196,Nucleocytoviricota
-0.7931574,5.741021196,Nucleocytoviricota
-0.769419367,5.741021196,Nucleocytoviricota
-2.115938836,5.804094602,Nucleocytoviricota
-2.048433615,5.804094602,Nucleocytoviricota
-2.020052037,5.804094602,Nucleocytoviricota
-1.931140057,5.804094602,Nucleocytoviricota
-1.8497483,5.804094602,Nucleocytoviricota
-1.835276534,5.804094602,Nucleocytoviricota
-1.635170765,5.859217738,Nucleocytoviricota
-1.619388395,5.859217738,Nucleocytoviricota
-1.587224155,5.859217738,Nucleocytoviricota
-1.478973736,5.859217738,Nucleocytoviricota
-1.402927559,5.859217738,Nucleocytoviricota
-1.357669762,5.859217738,Nucleocytoviricota
-1.28876446,5.859217738,Nucleocytoviricota
-1.271125031,5.859217738,Nucleocytoviricota
-1.214431078,5.859217738,Nucleocytoviricota
-1.201008169,5.859217738,Nucleocytoviricota
-1.194614762,5.859217738,Nucleocytoviricota
-1.191079815,5.859217738,Nucleocytoviricota
-1.189291599,5.859217738,Nucleocytoviricota
-1.180904902,5.859217738,Nucleocytoviricota
-1.175174294,5.859217738,Nucleocytoviricota
-1.160506863,5.859217738,Nucleocytoviricota
-1.151109316,5.859217738,Nucleocytoviricota
-1.150321063,5.859217738,Nucleocytoviricota
-1.142386277,5.859217738,Nucleocytoviricota
-1.13158631,5.859217738,Nucleocytoviricota
-1.128640383,5.859217738,Nucleocytoviricota
-1.124289625,5.859217738,Nucleocytoviricota
-1.11988404,5.859217738,Nucleocytoviricota
-1.086028379,5.859217738,Nucleocytoviricota
-1.063506193,5.859217738,Nucleocytoviricota
-1.059950884,5.859217738,Nucleocytoviricota
-1.047794475,5.859217738,Nucleocytoviricota
-1.042775308,5.859217738,Nucleocytoviricota
-1.037039765,5.859217738,Nucleocytoviricota
-1.035379723,5.859217738,Nucleocytoviricota
-1.034598882,5.859217738,Nucleocytoviricota
-1.029987611,5.859217738,Nucleocytoviricota
-1.027897041,5.859217738,Nucleocytoviricota
-1.025525994,5.859217738,Nucleocytoviricota
-1.022354573,5.859217738,Nucleocytoviricota
-1.020548359,5.859217738,Nucleocytoviricota
-1.010602449,5.859217738,Nucleocytoviricota
-1.004428703,5.859217738,Nucleocytoviricota
-1.003305426,5.859217738,Nucleocytoviricota
-0.997523959,5.859217738,Nucleocytoviricota
-0.989602466,5.859217738,Nucleocytoviricota
-0.988703797,5.859217738,Nucleocytoviricota
-0.944520481,5.859217738,Nucleocytoviricota
-0.931224348,5.859217738,Nucleocytoviricota
-0.88484624,5.859217738,Nucleocytoviricota
-0.882340979,5.859217738,Nucleocytoviricota
-0.879599518,5.859217738,Nucleocytoviricota
-0.852733646,5.859217738,Nucleocytoviricota
-0.829304847,5.859217738,Nucleocytoviricota
-0.821460679,5.859217738,Nucleocytoviricota
-0.798855232,5.859217738,Nucleocytoviricota
-0.796952471,5.859217738,Nucleocytoviricota
-0.793001157,5.859217738,Nucleocytoviricota
-0.783385673,5.859217738,Nucleocytoviricota
-0.775877366,5.859217738,Nucleocytoviricota
-0.763027184,5.859217738,Nucleocytoviricota
-1.981710096,5.874136759,Nucleocytoviricota
-1.877902869,5.874136759,Nucleocytoviricota
-1.877843701,5.874136759,Nucleocytoviricota
-1.87190726,5.874136759,Nucleocytoviricota
-1.84374779,5.874136759,Nucleocytoviricota
-1.838013381,5.874136759,Nucleocytoviricota
-1.800485597,5.874136759,Nucleocytoviricota
-1.798988123,5.874136759,Nucleocytoviricota
-1.798933125,5.874136759,Nucleocytoviricota
-1.793417676,5.874136759,Nucleocytoviricota
-1.770685648,5.874136759,Nucleocytoviricota
-1.767329528,5.874136759,Nucleocytoviricota
-1.743000744,5.874136759,Nucleocytoviricota
-1.72147523,5.874136759,Nucleocytoviricota
-1.72142999,5.874136759,Nucleocytoviricota
-1.716898295,5.874136759,Nucleocytoviricota
-1.700256038,5.874136759,Nucleocytoviricota
-1.695604408,5.874136759,Nucleocytoviricota
-1.675092077,5.874136759,Nucleocytoviricota
-1.641978385,5.874136759,Nucleocytoviricota
-1.622299275,5.874136759,Nucleocytoviricota
-1.610183442,5.874136759,Nucleocytoviricota
-1.610131738,5.874136759,Nucleocytoviricota
-1.606103834,5.874136759,Nucleocytoviricota
-1.604948578,5.874136759,Nucleocytoviricota
-1.580486961,5.874136759,Nucleocytoviricota
-1.53053839,5.874136759,Nucleocytoviricota
-1.518039296,5.874136759,Nucleocytoviricota
-1.512458466,5.874136759,Nucleocytoviricota
-1.502704574,5.874136759,Nucleocytoviricota
-1.502649182,5.874136759,Nucleocytoviricota
-1.494789137,5.874136759,Nucleocytoviricota
-1.470810896,5.874136759,Nucleocytoviricota
-1.469651658,5.874136759,Nucleocytoviricota
-1.411745613,5.874136759,Nucleocytoviricota
-1.390516912,5.874136759,Nucleocytoviricota
-1.386034638,5.874136759,Nucleocytoviricota
-1.36697679,5.874136759,Nucleocytoviricota
-1.300085369,5.874136759,Nucleocytoviricota
-1.285793909,5.874136759,Nucleocytoviricota
-1.266427615,5.874136759,Nucleocytoviricota
-1.266065493,5.874136759,Nucleocytoviricota
-1.264719162,5.874136759,Nucleocytoviricota
-1.928252786,5.905093056,Nucleocytoviricota
-1.636013944,5.905093056,Nucleocytoviricota
-2.007229214,5.979741625,Nucleocytoviricota
-1.934801306,5.979741625,Nucleocytoviricota
-1.922935937,5.979741625,Nucleocytoviricota
-1.849958137,5.979741625,Nucleocytoviricota
-1.8475985,5.979741625,Nucleocytoviricota
-1.846108982,5.979741625,Nucleocytoviricota
-1.833327818,5.979741625,Nucleocytoviricota
-1.815861085,5.979741625,Nucleocytoviricota
-1.81177412,5.979741625,Nucleocytoviricota
-1.7916165,5.979741625,Nucleocytoviricota
-1.783607414,5.979741625,Nucleocytoviricota
-1.767547322,5.979741625,Nucleocytoviricota
-1.762648887,5.979741625,Nucleocytoviricota
-1.723547968,5.979741625,Nucleocytoviricota
-1.71885775,5.979741625,Nucleocytoviricota
-1.716343086,5.979741625,Nucleocytoviricota
-1.674635262,5.979741625,Nucleocytoviricota
-1.652647365,5.979741625,Nucleocytoviricota
-1.650082128,5.979741625,Nucleocytoviricota
-1.64821233,5.979741625,Nucleocytoviricota
-1.638267004,5.979741625,Nucleocytoviricota
-1.625889164,5.979741625,Nucleocytoviricota
-1.620359243,5.979741625,Nucleocytoviricota
-1.611928233,5.979741625,Nucleocytoviricota
-1.607549279,5.979741625,Nucleocytoviricota
-1.593745206,5.979741625,Nucleocytoviricota
-1.559925881,5.979741625,Nucleocytoviricota
-1.555264863,5.979741625,Nucleocytoviricota
-1.552028385,5.979741625,Nucleocytoviricota
-1.548136439,5.979741625,Nucleocytoviricota
-1.433830407,5.979741625,Nucleocytoviricota
-1.423338822,5.979741625,Nucleocytoviricota
-1.413614316,5.979741625,Nucleocytoviricota
-1.387587125,5.979741625,Nucleocytoviricota
-1.383997203,5.979741625,Nucleocytoviricota
-1.352072766,5.979741625,Nucleocytoviricota
-1.337863134,5.979741625,Nucleocytoviricota
-1.995886773,5.992932849,Nucleocytoviricota
-1.982954033,5.992932849,Nucleocytoviricota
-1.963276947,5.992932849,Nucleocytoviricota
-1.947869314,5.992932849,Nucleocytoviricota
-1.934094045,5.992932849,Nucleocytoviricota
-1.932779226,5.992932849,Nucleocytoviricota
-1.931233098,5.992932849,Nucleocytoviricota
-1.671404025,6.081402703,Nucleocytoviricota
-1.594994672,6.081402703,Nucleocytoviricota
-1.555947651,6.081402703,Nucleocytoviricota
-1.519108006,6.081402703,Nucleocytoviricota
-1.515486596,6.081402703,Nucleocytoviricota
-1.511203292,6.081402703,Nucleocytoviricota
-1.494117426,6.081402703,Nucleocytoviricota
-1.482410208,6.081402703,Nucleocytoviricota
-1.452931346,6.081402703,Nucleocytoviricota
-1.409116548,6.081402703,Nucleocytoviricota
-1.388004762,6.081402703,Nucleocytoviricota
-1.368887967,6.081402703,Nucleocytoviricota
-1.367050881,6.081402703,Nucleocytoviricota
-1.36488777,6.081402703,Nucleocytoviricota
-1.35636432,6.081402703,Nucleocytoviricota
-1.350621068,6.081402703,Nucleocytoviricota
-1.096612141,6.081402703,Nucleocytoviricota
-1.060078187,6.081402703,Nucleocytoviricota
-1.042698089,6.081402703,Nucleocytoviricota
-1.040737635,6.081402703,Nucleocytoviricota
-1.027091086,6.081402703,Nucleocytoviricota
-1.025597963,6.081402703,Nucleocytoviricota
-1.023841376,6.081402703,Nucleocytoviricota
-1.01693586,6.081402703,Nucleocytoviricota
-1.012297376,6.081402703,Nucleocytoviricota
-1.001962745,6.081402703,Nucleocytoviricota
-0.983444147,6.081402703,Nucleocytoviricota
-0.966772535,6.081402703,Nucleocytoviricota
-0.965175402,6.081402703,Nucleocytoviricota
-0.963295961,6.081402703,Nucleocytoviricota
-0.95590229,6.081402703,Nucleocytoviricota
-0.950931211,6.081402703,Nucleocytoviricota
-0.949430812,6.081402703,Nucleocytoviricota
-0.942604574,6.081402703,Nucleocytoviricota
-0.941441768,6.081402703,Nucleocytoviricota
-0.905364868,6.081402703,Nucleocytoviricota
-0.901583417,6.081402703,Nucleocytoviricota
-0.897422685,6.081402703,Nucleocytoviricota
-0.888215889,6.081402703,Nucleocytoviricota
-0.878363574,6.081402703,Nucleocytoviricota
-0.87820304,6.081402703,Nucleocytoviricota
-0.875599583,6.081402703,Nucleocytoviricota
-0.872824346,6.081402703,Nucleocytoviricota
-0.871352239,6.081402703,Nucleocytoviricota
-0.869620468,6.081402703,Nucleocytoviricota
-0.862813473,6.081402703,Nucleocytoviricota
-0.858242039,6.081402703,Nucleocytoviricota
-0.857237975,6.081402703,Nucleocytoviricota
-0.855807088,6.081402703,Nucleocytoviricota
-0.855202646,6.081402703,Nucleocytoviricota
-0.853903432,6.081402703,Nucleocytoviricota
-0.852804915,6.081402703,Nucleocytoviricota
-0.851661561,6.081402703,Nucleocytoviricota
-0.843344257,6.081402703,Nucleocytoviricota
-0.842823781,6.081402703,Nucleocytoviricota
-0.842130669,6.081402703,Nucleocytoviricota
-0.836957875,6.081402703,Nucleocytoviricota
-0.836865091,6.081402703,Nucleocytoviricota
-0.824983978,6.081402703,Nucleocytoviricota
-0.809594567,6.081402703,Nucleocytoviricota
-0.808122669,6.081402703,Nucleocytoviricota
-0.806391143,6.081402703,Nucleocytoviricota
-0.799585122,6.081402703,Nucleocytoviricota
-0.795014351,6.081402703,Nucleocytoviricota
-2.29589706,6.132275872,Nucleocytoviricota
-2.168221044,6.132275872,Nucleocytoviricota
-2.156321102,6.132275872,Nucleocytoviricota
-2.12682194,6.132275872,Nucleocytoviricota
-1.950847902,6.132275872,Nucleocytoviricota
-1.937261951,6.132275872,Nucleocytoviricota
-1.936900133,6.132275872,Nucleocytoviricota
-1.891371313,6.132275872,Nucleocytoviricota
-1.849878437,6.132275872,Nucleocytoviricota
-1.809174758,6.132275872,Nucleocytoviricota
-1.877189128,6.176228262,Nucleocytoviricota
-1.747940741,6.23710235,Nucleocytoviricota
-1.675795394,6.23710235,Nucleocytoviricota
-1.614645762,6.23710235,Nucleocytoviricota
-1.608455434,6.23710235,Nucleocytoviricota
-1.57461081,6.23710235,Nucleocytoviricota
-1.555081854,6.23710235,Nucleocytoviricota
-1.543063058,6.23710235,Nucleocytoviricota
-1.539982852,6.23710235,Nucleocytoviricota
-1.536344641,6.23710235,Nucleocytoviricota
-1.533607695,6.23710235,Nucleocytoviricota
-1.525564318,6.23710235,Nucleocytoviricota
-1.521886342,6.23710235,Nucleocytoviricota
-1.512030579,6.23710235,Nucleocytoviricota
-1.498322226,6.23710235,Nucleocytoviricota
-1.495677033,6.23710235,Nucleocytoviricota
-1.492556063,6.23710235,Nucleocytoviricota
-1.490069769,6.23710235,Nucleocytoviricota
-1.489592664,6.23710235,Nucleocytoviricota
-1.480190357,6.23710235,Nucleocytoviricota
-1.471795516,6.23710235,Nucleocytoviricota
-1.468376906,6.23710235,Nucleocytoviricota
-1.449161479,6.23710235,Nucleocytoviricota
-1.447314683,6.23710235,Nucleocytoviricota
-1.445140085,6.23710235,Nucleocytoviricota
-1.316715721,6.23710235,Nucleocytoviricota
-1.256450148,6.23710235,Nucleocytoviricota
-1.226547084,6.23710235,Nucleocytoviricota
-1.198924834,6.23710235,Nucleocytoviricota
-1.196241423,6.23710235,Nucleocytoviricota
-1.193075057,6.23710235,Nucleocytoviricota
-1.180526194,6.23710235,Nucleocytoviricota
-1.172003961,6.23710235,Nucleocytoviricota
-1.148588192,6.23710235,Nucleocytoviricota
-1.087529783,6.23710235,Nucleocytoviricota
-1.049556837,6.23710235,Nucleocytoviricota
-1.014073124,6.23710235,Nucleocytoviricota
-0.997223558,6.23710235,Nucleocytoviricota
-0.982110814,6.23710235,Nucleocytoviricota
-0.980665885,6.23710235,Nucleocytoviricota
-0.978966201,6.23710235,Nucleocytoviricota
-1.326358059,6.322062506,Nucleocytoviricota
-1.30057986,6.322062506,Nucleocytoviricota
-1.285750101,6.322062506,Nucleocytoviricota
-1.255335508,6.322062506,Nucleocytoviricota
-1.248850539,6.322062506,Nucleocytoviricota
-1.236295347,6.322062506,Nucleocytoviricota
-1.216301749,6.322062506,Nucleocytoviricota
-1.149452548,6.322062506,Nucleocytoviricota
-1.108729145,6.322062506,Nucleocytoviricota
-1.016455308,6.322062506,Nucleocytoviricota
-1.013275704,6.322062506,Nucleocytoviricota
-0.994925308,6.322062506,Nucleocytoviricota
-0.984987525,6.322062506,Nucleocytoviricota
-0.976789865,6.322062506,Nucleocytoviricota
-0.950975327,6.322062506,Nucleocytoviricota
-0.950965642,6.322062506,Nucleocytoviricota
-0.89552818,6.322062506,Nucleocytoviricota
-0.8768758,6.322062506,Nucleocytoviricota
-0.875966965,6.322062506,Nucleocytoviricota
-0.873483566,6.322062506,Nucleocytoviricota
-0.858908248,6.322062506,Nucleocytoviricota
-0.85854519,6.322062506,Nucleocytoviricota
-0.839187354,6.322062506,Nucleocytoviricota
-0.833405065,6.322062506,Nucleocytoviricota
-0.824636744,6.322062506,Nucleocytoviricota
-0.782488202,6.322062506,Nucleocytoviricota
-0.774157235,6.322062506,Nucleocytoviricota
-0.766170781,6.322062506,Nucleocytoviricota
-2.181832326,6.342381323,Nucleocytoviricota
-2.149492761,6.342381323,Nucleocytoviricota
-1.951278847,6.342381323,Nucleocytoviricota
-1.935510857,6.342381323,Nucleocytoviricota
-1.935089838,6.342381323,Nucleocytoviricota
-1.881631098,6.342381323,Nucleocytoviricota
-1.832001185,6.342381323,Nucleocytoviricota
-1.782348806,6.342381323,Nucleocytoviricota
-1.765268801,6.36750664,Nucleocytoviricota
-1.63719478,6.36750664,Nucleocytoviricota
-1.50507291,6.36750664,Nucleocytoviricota
-1.486047005,6.36750664,Nucleocytoviricota
-1.478104702,6.36750664,Nucleocytoviricota
-1.426427732,6.36750664,Nucleocytoviricota
-1.347613666,6.36750664,Nucleocytoviricota
-1.7525598,6.448697881,Nucleocytoviricota
-1.734019198,6.448697881,Nucleocytoviricota
-1.695172784,6.448697881,Nucleocytoviricota
-1.660018748,6.448697881,Nucleocytoviricota
-1.652996046,6.448697881,Nucleocytoviricota
-1.6389873,6.448697881,Nucleocytoviricota
-1.636068715,6.448697881,Nucleocytoviricota
-1.630486235,6.448697881,Nucleocytoviricota
-1.621780946,6.448697881,Nucleocytoviricota
-1.608989705,6.448697881,Nucleocytoviricota
-1.590728667,6.448697881,Nucleocytoviricota
-0.161151285,5.293718207,Uroviricota
-0.16669321,5.293718207,Uroviricota
-0.170711492,5.293718207,Uroviricota
-0.294588306,5.293718207,Uroviricota
-0.303914028,5.293718207,Uroviricota
-0.321202191,5.293718207,Uroviricota
-0.329947156,5.293718207,Uroviricota
-0.365597372,5.293718207,Uroviricota
-0.368108979,5.293718207,Uroviricota
-0.372058882,5.293718207,Uroviricota
-0.373407661,5.293718207,Uroviricota
-0.38476289,5.293718207,Uroviricota
-0.388070902,5.293718207,Uroviricota
-0.40112076,5.293718207,Uroviricota
-0.405062735,5.293718207,Uroviricota
-0.421750964,5.293718207,Uroviricota
-0.423625044,5.293718207,Uroviricota
-0.425497068,5.293718207,Uroviricota
-0.466503812,5.293718207,Uroviricota
-0.511999419,5.293718207,Uroviricota
-0.51698525,5.293718207,Uroviricota
-0.517868542,5.293718207,Uroviricota
-0.523450557,5.293718207,Uroviricota
-0.530630264,5.293718207,Uroviricota
-0.540248966,5.293718207,Uroviricota
-0.584100985,5.293718207,Uroviricota
-0.594696683,5.293718207,Uroviricota
-0.597214932,5.293718207,Uroviricota
-0.607461747,5.293718207,Uroviricota
-0.612704608,5.293718207,Uroviricota
-0.658360252,5.293718207,Uroviricota
-0.663362619,5.293718207,Uroviricota
-0.733031419,5.293718207,Uroviricota
-0.745299716,5.293718207,Uroviricota
-0.774824653,5.293718207,Uroviricota
-0.782765218,5.293718207,Uroviricota
-0.865592498,5.293718207,Uroviricota
-0.879969746,5.293718207,Uroviricota
-0.881839425,5.293718207,Uroviricota
-0.892262269,5.293718207,Uroviricota
-0.947789879,5.293718207,Uroviricota
-0.959922798,5.293718207,Uroviricota
-0.977503807,5.293718207,Uroviricota
-0.983509559,5.293718207,Uroviricota
-0.996821149,5.293718207,Uroviricota
-1.014364048,5.293718207,Uroviricota
-1.038260607,5.293718207,Uroviricota
-1.044191882,5.293718207,Uroviricota
-1.086407028,5.293718207,Uroviricota
-1.095067385,5.293718207,Uroviricota
-1.123062614,5.293718207,Uroviricota
-1.144367235,5.293718207,Uroviricota
-1.150621178,5.293718207,Uroviricota
-1.180933076,5.293718207,Uroviricota
-1.187178032,5.293718207,Uroviricota
-1.2911671,5.293718207,Uroviricota
-1.304723575,5.293718207,Uroviricota
-1.407652797,5.293718207,Uroviricota
-1.421607959,5.293718207,Uroviricota
-1.44393276,5.293718207,Uroviricota
-1.457877073,5.293718207,Uroviricota
-1.523629111,5.293718207,Uroviricota
-1.645461237,5.293718207,Uroviricota
-1.681596513,5.293718207,Uroviricota
-0.548573981,5.377575339,Uroviricota
-0.583524267,5.377575339,Uroviricota
-0.591051397,5.377575339,Uroviricota
-0.594085023,5.377575339,Uroviricota
-0.613009604,5.377575339,Uroviricota
-0.61358652,5.377575339,Uroviricota
-0.622310644,5.377575339,Uroviricota
-0.636972791,5.377575339,Uroviricota
-0.643584365,5.377575339,Uroviricota
-0.649158613,5.377575339,Uroviricota
-0.663314041,5.377575339,Uroviricota
-0.67614494,5.377575339,Uroviricota
-0.687395003,5.377575339,Uroviricota
-0.719411556,5.377575339,Uroviricota
-0.72814765,5.377575339,Uroviricota
-0.742657973,5.377575339,Uroviricota
-0.750189281,5.377575339,Uroviricota
-0.772524457,5.377575339,Uroviricota
-0.779600346,5.377575339,Uroviricota
-0.781726495,5.377575339,Uroviricota
-0.786581307,5.377575339,Uroviricota
-0.790153891,5.377575339,Uroviricota
-0.79441533,5.377575339,Uroviricota
-0.798226618,5.377575339,Uroviricota
-0.805547237,5.377575339,Uroviricota
-0.807744259,5.377575339,Uroviricota
-0.817080773,5.377575339,Uroviricota
-0.822384076,5.377575339,Uroviricota
-0.827751788,5.377575339,Uroviricota
-0.831259711,5.377575339,Uroviricota
-0.834332042,5.377575339,Uroviricota
-0.838799527,5.377575339,Uroviricota
-0.854060528,5.377575339,Uroviricota
-0.874580908,5.377575339,Uroviricota
-0.87652577,5.377575339,Uroviricota
-0.89659042,5.377575339,Uroviricota
-0.902945486,5.377575339,Uroviricota
-0.904096459,5.377575339,Uroviricota
-0.906854228,5.377575339,Uroviricota
-0.914936465,5.377575339,Uroviricota
-0.928611298,5.377575339,Uroviricota
-0.929127737,5.377575339,Uroviricota
-0.933361102,5.377575339,Uroviricota
-0.943029938,5.377575339,Uroviricota
-0.943098923,5.377575339,Uroviricota
-0.954874582,5.377575339,Uroviricota
-0.968948572,5.377575339,Uroviricota
-0.972484605,5.377575339,Uroviricota
-0.979476214,5.377575339,Uroviricota
-0.986476811,5.377575339,Uroviricota
-0.989976892,5.377575339,Uroviricota
-0.991324013,5.377575339,Uroviricota
-1.014541653,5.377575339,Uroviricota
-1.039924144,5.377575339,Uroviricota
-1.131792526,5.377575339,Uroviricota
-1.198659638,5.377575339,Uroviricota
-0.156343257,5.38492943,Uroviricota
-0.164311772,5.38492943,Uroviricota
-0.172258787,5.38492943,Uroviricota
-0.179369676,5.38492943,Uroviricota
-0.181899304,5.38492943,Uroviricota
-0.188816939,5.38492943,Uroviricota
-0.19102486,5.38492943,Uroviricota
-0.192322477,5.38492943,Uroviricota
-0.195566878,5.38492943,Uroviricota
-0.199481771,5.38492943,Uroviricota
-0.199829649,5.38492943,Uroviricota
-0.201875817,5.38492943,Uroviricota
-0.205310959,5.38492943,Uroviricota
-0.209602777,5.38492943,Uroviricota
-0.213694227,5.38492943,Uroviricota
-0.214987166,5.38492943,Uroviricota
-0.216578112,5.38492943,Uroviricota
-0.218483638,5.38492943,Uroviricota
-0.218740052,5.38492943,Uroviricota
-0.223045197,5.38492943,Uroviricota
-0.229141815,5.38492943,Uroviricota
-0.231869527,5.38492943,Uroviricota
-0.232965175,5.38492943,Uroviricota
-0.235440546,5.38492943,Uroviricota
-0.236381311,5.38492943,Uroviricota
-0.23652071,5.38492943,Uroviricota
-0.240056288,5.38492943,Uroviricota
-0.246213527,5.38492943,Uroviricota
-0.246231635,5.38492943,Uroviricota
-0.248662463,5.38492943,Uroviricota
-0.255912083,5.38492943,Uroviricota
-0.258008088,5.38492943,Uroviricota
-0.26103933,5.38492943,Uroviricota
-0.269837223,5.38492943,Uroviricota
-0.271786729,5.38492943,Uroviricota
-0.272498583,5.38492943,Uroviricota
-0.273672577,5.38492943,Uroviricota
-0.274668289,5.38492943,Uroviricota
-0.277606918,5.38492943,Uroviricota
-0.28050912,5.38492943,Uroviricota
-0.280663521,5.38492943,Uroviricota
-0.281746249,5.38492943,Uroviricota
-0.283304289,5.38492943,Uroviricota
-0.286153843,5.38492943,Uroviricota
-0.291631637,5.38492943,Uroviricota
-0.2922057,5.38492943,Uroviricota
-0.295204625,5.38492943,Uroviricota
-0.298086438,5.38492943,Uroviricota
-0.300599949,5.38492943,Uroviricota
-0.302726165,5.38492943,Uroviricota
-0.303551191,5.38492943,Uroviricota
-0.309295613,5.38492943,Uroviricota
-0.327514415,5.38492943,Uroviricota
-0.333792776,5.38492943,Uroviricota
-0.336919031,5.38492943,Uroviricota
-0.337966797,5.38492943,Uroviricota
-0.393846775,5.38492943,Uroviricota
-0.438315523,5.38492943,Uroviricota
-0.463344004,5.38492943,Uroviricota
-0.479485985,5.38492943,Uroviricota
-0.480722769,5.38492943,Uroviricota
-0.491247808,5.38492943,Uroviricota
-0.499834001,5.38492943,Uroviricota
-0.662422514,5.38492943,Uroviricota
-0.899300991,5.471571445,Uroviricota
-0.996363026,5.471571445,Uroviricota
-1.002732443,5.471571445,Uroviricota
-1.021483062,5.471571445,Uroviricota
-1.06891131,5.471571445,Uroviricota
-1.111877575,5.471571445,Uroviricota
-1.134693251,5.471571445,Uroviricota
-1.149285382,5.471571445,Uroviricota
-1.189052732,5.471571445,Uroviricota
-1.243921007,5.471571445,Uroviricota
-1.265380794,5.471571445,Uroviricota
-1.26901285,5.471571445,Uroviricota
-1.270940681,5.471571445,Uroviricota
-1.291424738,5.471571445,Uroviricota
-1.294124742,5.471571445,Uroviricota
-1.328177249,5.471571445,Uroviricota
-1.348008184,5.471571445,Uroviricota
-1.352723277,5.471571445,Uroviricota
-1.369053534,5.471571445,Uroviricota
-1.37126598,5.471571445,Uroviricota
-1.383771924,5.471571445,Uroviricota
-1.386654867,5.471571445,Uroviricota
-1.411237351,5.471571445,Uroviricota
-1.424406859,5.471571445,Uroviricota
-1.443314674,5.471571445,Uroviricota
-1.502741661,5.471571445,Uroviricota
-1.505045647,5.471571445,Uroviricota
-1.509262942,5.471571445,Uroviricota
-1.521034169,5.471571445,Uroviricota
-1.523321673,5.471571445,Uroviricota
-1.542073358,5.471571445,Uroviricota
-1.551438495,5.471571445,Uroviricota
-1.588788638,5.471571445,Uroviricota
-1.591124458,5.471571445,Uroviricota
-1.599097063,5.471571445,Uroviricota
-1.610258608,5.471571445,Uroviricota
-1.695026182,5.471571445,Uroviricota
-1.708712563,5.471571445,Uroviricota
-1.773160931,5.471571445,Uroviricota
-1.775459561,5.471571445,Uroviricota
-1.788521094,5.471571445,Uroviricota
-1.790864461,5.471571445,Uroviricota
-1.688769045,5.531920888,Uroviricota
-1.693594763,5.531920888,Uroviricota
-1.705851536,5.531920888,Uroviricota
-1.70680549,5.531920888,Uroviricota
-1.706948192,5.531920888,Uroviricota
-1.714004233,5.531920888,Uroviricota
-1.717177465,5.531920888,Uroviricota
-1.722915168,5.531920888,Uroviricota
-0.606289384,5.545472935,Uroviricota
-0.619110592,5.545472935,Uroviricota
-0.63201013,5.545472935,Uroviricota
-0.632243532,5.545472935,Uroviricota
-0.677508796,5.545472935,Uroviricota
-0.694202506,5.545472935,Uroviricota
-0.733154234,5.545472935,Uroviricota
-0.740965366,5.545472935,Uroviricota
-0.744574405,5.545472935,Uroviricota
-0.745600522,5.545472935,Uroviricota
-0.750401931,5.545472935,Uroviricota
-0.752066178,5.545472935,Uroviricota
-0.752908922,5.545472935,Uroviricota
-0.753482506,5.545472935,Uroviricota
-0.761124207,5.545472935,Uroviricota
-0.761644664,5.545472935,Uroviricota
-0.76300297,5.545472935,Uroviricota
-0.793427837,5.545472935,Uroviricota
-0.799052559,5.545472935,Uroviricota
-0.801447405,5.545472935,Uroviricota
-0.80691149,5.545472935,Uroviricota
-0.811130701,5.545472935,Uroviricota
-0.813618767,5.545472935,Uroviricota
-0.816404658,5.545472935,Uroviricota
-0.821999327,5.545472935,Uroviricota
-0.826736841,5.545472935,Uroviricota
-0.834311178,5.545472935,Uroviricota
-0.84199393,5.545472935,Uroviricota
-0.846361505,5.545472935,Uroviricota
-0.847582666,5.545472935,Uroviricota
-0.854413836,5.545472935,Uroviricota
-0.864135892,5.545472935,Uroviricota
-0.87586601,5.545472935,Uroviricota
-0.879970398,5.545472935,Uroviricota
-0.893977206,5.545472935,Uroviricota
-0.89478013,5.545472935,Uroviricota
-0.897008309,5.545472935,Uroviricota
-0.899819008,5.545472935,Uroviricota
-0.900598793,5.545472935,Uroviricota
-0.900766362,5.545472935,Uroviricota
-0.907651993,5.545472935,Uroviricota
-0.908459972,5.545472935,Uroviricota
-0.911565597,5.545472935,Uroviricota
-0.919821989,5.545472935,Uroviricota
-0.929109186,5.545472935,Uroviricota
-0.929785305,5.545472935,Uroviricota
-0.93009233,5.545472935,Uroviricota
-0.93827074,5.545472935,Uroviricota
-0.948141888,5.545472935,Uroviricota
-0.95032181,5.545472935,Uroviricota
-0.957855545,5.545472935,Uroviricota
-0.958673263,5.545472935,Uroviricota
-0.960704667,5.545472935,Uroviricota
-0.961511004,5.545472935,Uroviricota
-0.996236523,5.545472935,Uroviricota
-1.011353287,5.545472935,Uroviricota
-1.012173309,5.545472935,Uroviricota
-1.014029188,5.545472935,Uroviricota
-1.01788476,5.545472935,Uroviricota
-1.035511438,5.545472935,Uroviricota
-1.080055082,5.545472935,Uroviricota
-1.080889323,5.545472935,Uroviricota
-1.0972483,5.545472935,Uroviricota
-1.098077133,5.545472935,Uroviricota
-0.89627935,5.606244332,Uroviricota
-0.957563217,5.606244332,Uroviricota
-0.977972489,5.606244332,Uroviricota
-0.99908254,5.606244332,Uroviricota
-1.003573373,5.606244332,Uroviricota
-1.010024637,5.606244332,Uroviricota
-1.117165232,5.606244332,Uroviricota
-1.174247231,5.606244332,Uroviricota
-1.183652255,5.606244332,Uroviricota
-1.1842756,5.606244332,Uroviricota
-1.217614801,5.606244332,Uroviricota
-1.226650818,5.606244332,Uroviricota
-1.227517069,5.606244332,Uroviricota
-1.231619527,5.606244332,Uroviricota
-1.233864142,5.606244332,Uroviricota
-1.234683996,5.606244332,Uroviricota
-1.238471827,5.606244332,Uroviricota
-1.245270611,5.606244332,Uroviricota
-1.246162026,5.606244332,Uroviricota
-1.247967906,5.606244332,Uroviricota
-1.25245463,5.606244332,Uroviricota
-1.261929231,5.606244332,Uroviricota
-1.263045908,5.606244332,Uroviricota
-1.275122327,5.606244332,Uroviricota
-1.276219584,5.606244332,Uroviricota
-1.284058393,5.606244332,Uroviricota
-1.285396449,5.606244332,Uroviricota
-1.292990388,5.606244332,Uroviricota
-1.293128136,5.606244332,Uroviricota
-1.296875644,5.606244332,Uroviricota
-1.297655008,5.606244332,Uroviricota
-1.302228847,5.606244332,Uroviricota
-1.317993344,5.606244332,Uroviricota
-1.326413601,5.606244332,Uroviricota
-1.340353845,5.606244332,Uroviricota
-1.352295736,5.606244332,Uroviricota
-1.360673504,5.606244332,Uroviricota
-1.36175104,5.606244332,Uroviricota
-1.370083962,5.606244332,Uroviricota
-1.371185232,5.606244332,Uroviricota
-1.382044828,5.606244332,Uroviricota
-1.391914956,5.606244332,Uroviricota
-1.403980731,5.606244332,Uroviricota
-1.412416515,5.606244332,Uroviricota
-1.417665073,5.606244332,Uroviricota
-1.436572647,5.606244332,Uroviricota
-1.447516169,5.606244332,Uroviricota
-1.451961463,5.606244332,Uroviricota
-1.453945932,5.606244332,Uroviricota
-1.464428275,5.606244332,Uroviricota
-1.49667369,5.606244332,Uroviricota
-1.497799872,5.606244332,Uroviricota
-1.518986687,5.606244332,Uroviricota
-1.547209327,5.606244332,Uroviricota
-1.559951347,5.606244332,Uroviricota
-1.575709382,5.606244332,Uroviricota
-1.58893961,5.606244332,Uroviricota
-1.596581017,5.606244332,Uroviricota
-1.642149701,5.606244332,Uroviricota
-1.650908796,5.606244332,Uroviricota
-1.690010999,5.606244332,Uroviricota
-1.731910548,5.606244332,Uroviricota
-1.746790225,5.606244332,Uroviricota
-1.879047945,5.606244332,Uroviricota
-0.464244865,5.681638966,Uroviricota
-0.470973425,5.681638966,Uroviricota
-0.479201977,5.681638966,Uroviricota
-0.486690846,5.681638966,Uroviricota
-0.489703801,5.681638966,Uroviricota
-0.494592029,5.681638966,Uroviricota
-0.553349715,5.681638966,Uroviricota
-0.572154552,5.681638966,Uroviricota
-0.586155705,5.681638966,Uroviricota
-0.59026489,5.681638966,Uroviricota
-0.592053377,5.681638966,Uroviricota
-0.605811458,5.681638966,Uroviricota
-0.607966311,5.681638966,Uroviricota
-0.610441762,5.681638966,Uroviricota
-0.629862744,5.681638966,Uroviricota
-0.639601765,5.681638966,Uroviricota
-0.642036111,5.681638966,Uroviricota
-0.64432479,5.681638966,Uroviricota
-0.658801273,5.681638966,Uroviricota
-0.667065845,5.681638966,Uroviricota
-0.683320333,5.681638966,Uroviricota
-0.698358953,5.681638966,Uroviricota
-0.725399765,5.681638966,Uroviricota
-0.731414007,5.681638966,Uroviricota
-0.760133675,5.681638966,Uroviricota
-0.762057039,5.681638966,Uroviricota
-0.777186069,5.681638966,Uroviricota
-0.781673397,5.681638966,Uroviricota
-0.793182916,5.681638966,Uroviricota
-0.793343521,5.681638966,Uroviricota
-0.80394631,5.681638966,Uroviricota
-0.812412347,5.681638966,Uroviricota
-0.825648094,5.681638966,Uroviricota
-0.826136458,5.681638966,Uroviricota
-0.826387889,5.681638966,Uroviricota
-0.826920763,5.681638966,Uroviricota
-0.840430366,5.681638966,Uroviricota
-0.847034672,5.681638966,Uroviricota
-0.848367936,5.681638966,Uroviricota
-0.877701628,5.681638966,Uroviricota
-0.879210063,5.681638966,Uroviricota
-0.880108434,5.681638966,Uroviricota
-0.88140337,5.681638966,Uroviricota
-0.89441186,5.681638966,Uroviricota
-0.914087684,5.681638966,Uroviricota
-0.91745902,5.681638966,Uroviricota
-0.94538153,5.681638966,Uroviricota
-0.946977446,5.681638966,Uroviricota
-0.949864314,5.681638966,Uroviricota
-0.967097212,5.681638966,Uroviricota
-0.970324237,5.681638966,Uroviricota
-0.97501415,5.681638966,Uroviricota
-0.989381153,5.681638966,Uroviricota
-0.995603524,5.681638966,Uroviricota
-0.998660085,5.681638966,Uroviricota
-1.018792837,5.681638966,Uroviricota
-1.034784042,5.681638966,Uroviricota
-1.056472779,5.681638966,Uroviricota
-1.058676008,5.681638966,Uroviricota
-1.063820869,5.681638966,Uroviricota
-1.080201373,5.681638966,Uroviricota
-1.084735709,5.681638966,Uroviricota
-1.09546222,5.681638966,Uroviricota
-1.123517214,5.681638966,Uroviricota
-0.902018158,5.685620796,Uroviricota
-0.913206191,5.685620796,Uroviricota
-0.925031473,5.685620796,Uroviricota
-0.986195227,5.685620796,Uroviricota
-0.98892117,5.685620796,Uroviricota
-0.99123098,5.685620796,Uroviricota
-1.080184607,5.685620796,Uroviricota
-1.081438388,5.685620796,Uroviricota
-1.088982205,5.685620796,Uroviricota
-1.099900871,5.685620796,Uroviricota
-1.104958441,5.685620796,Uroviricota
-1.119622168,5.685620796,Uroviricota
-1.167343021,5.685620796,Uroviricota
-1.197174813,5.685620796,Uroviricota
-1.236793499,5.685620796,Uroviricota
-1.287758362,5.685620796,Uroviricota
-1.289032774,5.685620796,Uroviricota
-1.29087539,5.685620796,Uroviricota
-1.305167125,5.685620796,Uroviricota
-1.312928856,5.685620796,Uroviricota
-1.373531706,5.685620796,Uroviricota
-1.37621623,5.685620796,Uroviricota
-1.413564633,5.685620796,Uroviricota
-1.416040399,5.685620796,Uroviricota
-1.45615039,5.685620796,Uroviricota
-1.456434733,5.685620796,Uroviricota
-1.465009211,5.685620796,Uroviricota
-1.466294906,5.685620796,Uroviricota
-1.490396476,5.685620796,Uroviricota
-1.490488458,5.685620796,Uroviricota
-1.496611276,5.685620796,Uroviricota
-1.501191547,5.685620796,Uroviricota
-1.507684104,5.685620796,Uroviricota
-1.508971895,5.685620796,Uroviricota
-1.533111609,5.685620796,Uroviricota
-1.548221939,5.685620796,Uroviricota
-1.549511537,5.685620796,Uroviricota
-1.554176077,5.685620796,Uroviricota
-1.573684172,5.685620796,Uroviricota
-1.596982496,5.685620796,Uroviricota
-1.63763382,5.685620796,Uroviricota
-1.679934854,5.685620796,Uroviricota
-1.702414935,5.685620796,Uroviricota
-1.722886316,5.685620796,Uroviricota
-1.763662718,5.685620796,Uroviricota
-1.882027854,5.685620796,Uroviricota
-1.925139947,5.685620796,Uroviricota
-1.966054778,5.685620796,Uroviricota
-0.859854538,5.741021195,Uroviricota
-0.873743816,5.741021195,Uroviricota
-0.880182636,5.741021195,Uroviricota
-0.887288042,5.741021195,Uroviricota
-0.907105571,5.741021195,Uroviricota
-0.908673723,5.741021195,Uroviricota
-0.920796029,5.741021195,Uroviricota
-0.922357944,5.741021195,Uroviricota
-0.925887011,5.741021195,Uroviricota
-0.926630034,5.741021195,Uroviricota
-0.927406573,5.741021195,Uroviricota
-0.933788515,5.741021195,Uroviricota
-0.9346347,5.741021195,Uroviricota
-0.935314725,5.741021195,Uroviricota
-0.93620585,5.741021195,Uroviricota
-0.937239991,5.741021195,Uroviricota
-0.940244423,5.741021195,Uroviricota
-0.944818456,5.741021195,Uroviricota
-0.94577539,5.741021195,Uroviricota
-0.948896358,5.741021195,Uroviricota
-0.953247565,5.741021195,Uroviricota
-0.954195731,5.741021195,Uroviricota
-0.958036767,5.741021195,Uroviricota
-0.959318425,5.741021195,Uroviricota
-0.962896167,5.741021195,Uroviricota
-0.963406897,5.741021195,Uroviricota
-0.971535723,5.741021195,Uroviricota
-0.973375382,5.741021195,Uroviricota
-0.975323929,5.741021195,Uroviricota
-0.981836442,5.741021195,Uroviricota
-0.983429559,5.741021195,Uroviricota
-0.985153763,5.741021195,Uroviricota
-0.985657939,5.741021195,Uroviricota
-0.986742681,5.741021195,Uroviricota
-1.001665309,5.741021195,Uroviricota
-1.004931439,5.741021195,Uroviricota
-1.010481002,5.741021195,Uroviricota
-1.013725111,5.741021195,Uroviricota
-1.021095968,5.741021195,Uroviricota
-1.024314146,5.741021195,Uroviricota
-1.033533472,5.741021195,Uroviricota
-1.03672206,5.741021195,Uroviricota
-1.059012295,5.741021195,Uroviricota
-1.076345383,5.741021195,Uroviricota
-1.107888106,5.741021195,Uroviricota
-1.10950711,5.741021195,Uroviricota
-1.124906366,5.741021195,Uroviricota
-1.126515532,5.741021195,Uroviricota
-1.128032401,5.741021195,Uroviricota
-1.1369837,5.741021195,Uroviricota
-1.144256724,5.741021195,Uroviricota
-1.144930808,5.741021195,Uroviricota
-1.147758284,5.741021195,Uroviricota
-1.153830597,5.741021195,Uroviricota
-1.157218553,5.741021195,Uroviricota
-1.157328628,5.741021195,Uroviricota
-1.160377843,5.741021195,Uroviricota
-1.164544564,5.741021195,Uroviricota
-1.172135742,5.741021195,Uroviricota
-1.177095001,5.741021195,Uroviricota
-1.221892485,5.741021195,Uroviricota
-1.224722507,5.741021195,Uroviricota
-1.350935987,5.741021195,Uroviricota
-1.36681961,5.741021195,Uroviricota
-0.630169597,5.804090379,Uroviricota
-0.634267707,5.804090379,Uroviricota
-0.641587101,5.804090379,Uroviricota
-0.645331876,5.804090379,Uroviricota
-0.651674527,5.804090379,Uroviricota
-0.656013918,5.804090379,Uroviricota
-0.656576545,5.804090379,Uroviricota
-0.656700189,5.804090379,Uroviricota
-0.657907726,5.804090379,Uroviricota
-0.667785228,5.804090379,Uroviricota
-0.669494246,5.804090379,Uroviricota
-0.674471098,5.804090379,Uroviricota
-0.682209489,5.804090379,Uroviricota
-0.683326224,5.804090379,Uroviricota
-0.704349081,5.804090379,Uroviricota
-0.713374128,5.804090379,Uroviricota
-0.714025824,5.804090379,Uroviricota
-0.715293286,5.804090379,Uroviricota
-0.717829361,5.804090379,Uroviricota
-0.747315158,5.804090379,Uroviricota
-0.756797452,5.804090379,Uroviricota
-0.766867519,5.804090379,Uroviricota
-0.772145442,5.804090379,Uroviricota
-0.778852136,5.804090379,Uroviricota
-0.799644945,5.804090379,Uroviricota
-0.801962963,5.804090379,Uroviricota
-0.80377022,5.804090379,Uroviricota
-0.810314028,5.804090379,Uroviricota
-0.810401167,5.804090379,Uroviricota
-0.821011232,5.804090379,Uroviricota
-0.823922447,5.804090379,Uroviricota
-0.832960395,5.804090379,Uroviricota
-0.833480636,5.804090379,Uroviricota
-0.849082487,5.804090379,Uroviricota
-0.859574959,5.804090379,Uroviricota
-0.860381192,5.804090379,Uroviricota
-0.867010069,5.804090379,Uroviricota
-0.86787328,5.804090379,Uroviricota
-0.875165204,5.804090379,Uroviricota
-0.875506117,5.804090379,Uroviricota
-0.954285556,5.804090379,Uroviricota
-1.13535479,5.804090379,Uroviricota
-1.142266193,5.804090379,Uroviricota
-1.148112838,5.804090379,Uroviricota
-1.155211216,5.804090379,Uroviricota
-1.203723652,5.804090379,Uroviricota
-1.219951985,5.804090379,Uroviricota
-1.263946488,5.804090379,Uroviricota
-1.267651364,5.804090379,Uroviricota
-1.268302087,5.804090379,Uroviricota
-1.269375468,5.804090379,Uroviricota
-1.275973732,5.804090379,Uroviricota
-1.321264821,5.804090379,Uroviricota
-1.336488534,5.804090379,Uroviricota
-1.381431468,5.804090379,Uroviricota
-1.382046526,5.804090379,Uroviricota
-0.564703772,5.830221222,Uroviricota
-0.589948894,5.830221222,Uroviricota
-0.59451675,5.830221222,Uroviricota
-0.605357807,5.830221222,Uroviricota
-0.624378297,5.830221222,Uroviricota
-0.633762336,5.830221222,Uroviricota
-0.665872098,5.830221222,Uroviricota
-0.709527106,5.830221222,Uroviricota
-1.14187103,5.830221222,Uroviricota
-1.143130575,5.830221222,Uroviricota
-1.144636661,5.830221222,Uroviricota
-1.146057674,5.830221222,Uroviricota
-1.162927491,5.830221222,Uroviricota
-1.163942736,5.830221222,Uroviricota
-1.179889093,5.830221222,Uroviricota
-1.180610611,5.830221222,Uroviricota
-1.188283463,5.830221222,Uroviricota
-1.188658753,5.830221222,Uroviricota
-1.227191189,5.830221222,Uroviricota
-1.22720769,5.830221222,Uroviricota
-1.293241768,5.830221222,Uroviricota
-1.294438146,5.830221222,Uroviricota
-1.307633635,5.830221222,Uroviricota
-1.321200367,5.830221222,Uroviricota
-1.33100664,5.830221222,Uroviricota
-1.332819438,5.830221222,Uroviricota
-1.333553701,5.830221222,Uroviricota
-1.350044053,5.830221222,Uroviricota
-1.351157176,5.830221222,Uroviricota
-1.363899175,5.830221222,Uroviricota
-1.381194748,5.830221222,Uroviricota
-1.383980503,5.830221222,Uroviricota
-1.392831273,5.830221222,Uroviricota
-1.429158573,5.830221222,Uroviricota
-1.461016695,5.830221222,Uroviricota
-1.468783463,5.830221222,Uroviricota
-1.599131606,5.830221222,Uroviricota
-1.640232901,5.830221222,Uroviricota
-1.653679855,5.830221222,Uroviricota
-1.676589499,5.830221222,Uroviricota
-1.686206303,5.830221222,Uroviricota
-1.691353689,5.830221222,Uroviricota
-1.694745265,5.830221222,Uroviricota
-1.757650117,5.830221222,Uroviricota
-1.761079616,5.830221222,Uroviricota
-1.763855943,5.830221222,Uroviricota
-1.780446974,5.830221222,Uroviricota
-1.800644257,5.830221222,Uroviricota
-1.806896349,5.830221222,Uroviricota
-1.810376043,5.830221222,Uroviricota
-1.816529219,5.830221222,Uroviricota
-1.835729431,5.830221222,Uroviricota
-1.836719891,5.830221222,Uroviricota
-1.8464486,5.830221222,Uroviricota
-1.871794287,5.830221222,Uroviricota
-1.912405742,5.830221222,Uroviricota
-2.038655049,5.830221222,Uroviricota
-2.074672086,5.830221222,Uroviricota
-0.636234656,5.856110302,Uroviricota
-0.644912891,5.856110302,Uroviricota
-0.658377499,5.856110302,Uroviricota
-0.660472211,5.856110302,Uroviricota
-0.661271728,5.856110302,Uroviricota
-0.66580462,5.856110302,Uroviricota
-0.666417029,5.856110302,Uroviricota
-0.673140934,5.856110302,Uroviricota
-0.675077901,5.856110302,Uroviricota
-0.678381926,5.856110302,Uroviricota
-0.68092795,5.856110302,Uroviricota
-0.699854208,5.856110302,Uroviricota
-0.703420677,5.856110302,Uroviricota
-0.703423689,5.856110302,Uroviricota
-0.707293007,5.856110302,Uroviricota
-0.710562792,5.856110302,Uroviricota
-0.716288187,5.856110302,Uroviricota
-0.719205672,5.856110302,Uroviricota
-0.721698434,5.856110302,Uroviricota
-0.722708771,5.856110302,Uroviricota
-0.726749968,5.856110302,Uroviricota
-0.732157452,5.856110302,Uroviricota
-0.750276024,5.856110302,Uroviricota
-0.752283077,5.856110302,Uroviricota
-0.753015597,5.856110302,Uroviricota
-0.758307083,5.856110302,Uroviricota
-0.762782757,5.856110302,Uroviricota
-0.774682947,5.856110302,Uroviricota
-0.776773087,5.856110302,Uroviricota
-0.777495617,5.856110302,Uroviricota
-0.778650907,5.856110302,Uroviricota
-0.77920914,5.856110302,Uroviricota
-0.779406921,5.856110302,Uroviricota
-0.785699106,5.856110302,Uroviricota
-0.793298219,5.856110302,Uroviricota
-0.796362233,5.856110302,Uroviricota
-0.796650933,5.856110302,Uroviricota
-0.796714165,5.856110302,Uroviricota
-0.83954535,5.856110302,Uroviricota
-0.844297758,5.856110302,Uroviricota
-0.852479154,5.856110302,Uroviricota
-0.853232927,5.856110302,Uroviricota
-0.854166929,5.856110302,Uroviricota
-0.854942819,5.856110302,Uroviricota
-0.865845512,5.856110302,Uroviricota
-0.870163311,5.856110302,Uroviricota
-0.873808827,5.856110302,Uroviricota
-0.874218719,5.856110302,Uroviricota
-0.877562521,5.856110302,Uroviricota
-0.883425559,5.856110302,Uroviricota
-0.895440557,5.856110302,Uroviricota
-0.903335845,5.856110302,Uroviricota
-0.912872058,5.856110302,Uroviricota
-0.94775182,5.856110302,Uroviricota
-0.968773128,5.856110302,Uroviricota
-0.976702913,5.856110302,Uroviricota
-0.997577488,5.856110302,Uroviricota
-1.029303131,5.856110302,Uroviricota
-1.03011688,5.856110302,Uroviricota
-1.033835645,5.856110302,Uroviricota
-1.043325836,5.856110302,Uroviricota
-1.057722336,5.856110302,Uroviricota
-1.058531261,5.856110302,Uroviricota
-1.207964809,5.856110302,Uroviricota
-0.665809627,5.859208834,Uroviricota
-0.695277968,5.859208834,Uroviricota
-0.733420314,5.859208834,Uroviricota
-0.822833883,5.859208834,Uroviricota
-0.863101609,5.859208834,Uroviricota
-0.870972504,5.859208834,Uroviricota
-0.90155102,5.859208834,Uroviricota
-0.951702023,5.859208834,Uroviricota
-0.959549041,5.859208834,Uroviricota
-0.965269076,5.859208834,Uroviricota
-1.049664127,5.859208834,Uroviricota
-1.139159769,5.859208834,Uroviricota
-1.14018646,5.859208834,Uroviricota
-1.145178184,5.859208834,Uroviricota
-1.14690268,5.859208834,Uroviricota
-1.1488982,5.859208834,Uroviricota
-1.159599897,5.859208834,Uroviricota
-1.178983286,5.859208834,Uroviricota
-1.204731647,5.859208834,Uroviricota
-1.256716501,5.859208834,Uroviricota
-1.314836786,5.859208834,Uroviricota
-1.318902717,5.859208834,Uroviricota
-1.32008998,5.859208834,Uroviricota
-1.323145417,5.859208834,Uroviricota
-1.326494739,5.859208834,Uroviricota
-1.338256034,5.859208834,Uroviricota
-1.348682785,5.859208834,Uroviricota
-1.354196697,5.859208834,Uroviricota
-1.357218807,5.859208834,Uroviricota
-1.397503703,5.859208834,Uroviricota
-1.433681957,5.859208834,Uroviricota
-1.476303835,5.859208834,Uroviricota
-1.516795906,5.859208834,Uroviricota
-1.526437338,5.859208834,Uroviricota
-1.569205699,5.859208834,Uroviricota
-1.60982419,5.859208834,Uroviricota
-0.780965438,5.87413609,Uroviricota
-0.793059493,5.87413609,Uroviricota
-0.795386099,5.87413609,Uroviricota
-0.800214529,5.87413609,Uroviricota
-0.811224032,5.87413609,Uroviricota
-0.818627451,5.87413609,Uroviricota
-0.818711551,5.87413609,Uroviricota
-0.853449895,5.87413609,Uroviricota
-0.85848511,5.87413609,Uroviricota
-0.862077436,5.87413609,Uroviricota
-0.866357876,5.87413609,Uroviricota
-0.908887306,5.87413609,Uroviricota
-0.915133603,5.87413609,Uroviricota
-0.922703258,5.87413609,Uroviricota
-0.92462386,5.87413609,Uroviricota
-0.927599518,5.87413609,Uroviricota
-0.92888549,5.87413609,Uroviricota
-0.934198355,5.87413609,Uroviricota
-0.935853357,5.87413609,Uroviricota
-0.936354092,5.87413609,Uroviricota
-0.939780987,5.87413609,Uroviricota
-0.941887639,5.87413609,Uroviricota
-0.942731681,5.87413609,Uroviricota
-0.955430689,5.87413609,Uroviricota
-0.959487031,5.87413609,Uroviricota
-0.964566014,5.87413609,Uroviricota
-0.966794773,5.87413609,Uroviricota
-0.969676693,5.87413609,Uroviricota
-0.973523131,5.87413609,Uroviricota
-0.976965451,5.87413609,Uroviricota
-0.977217767,5.87413609,Uroviricota
-0.97742561,5.87413609,Uroviricota
-0.979841373,5.87413609,Uroviricota
-1.001368354,5.87413609,Uroviricota
-1.001527721,5.87413609,Uroviricota
-1.008665534,5.87413609,Uroviricota
-1.010911244,5.87413609,Uroviricota
-1.012131497,5.87413609,Uroviricota
-1.015270428,5.87413609,Uroviricota
-1.022111857,5.87413609,Uroviricota
-1.024824799,5.87413609,Uroviricota
-1.031598242,5.87413609,Uroviricota
-1.072418313,5.87413609,Uroviricota
-1.08162852,5.87413609,Uroviricota
-1.083354109,5.87413609,Uroviricota
-1.095208741,5.87413609,Uroviricota
-1.099702341,5.87413609,Uroviricota
-1.105032906,5.87413609,Uroviricota
-1.108877211,5.87413609,Uroviricota
-1.114798425,5.87413609,Uroviricota
-1.12062334,5.87413609,Uroviricota
-1.124146701,5.87413609,Uroviricota
-1.130279792,5.87413609,Uroviricota
-1.132635632,5.87413609,Uroviricota
-1.137388451,5.87413609,Uroviricota
-1.138233983,5.87413609,Uroviricota
-1.141997899,5.87413609,Uroviricota
-1.157106769,5.87413609,Uroviricota
-1.160637612,5.87413609,Uroviricota
-1.18885169,5.87413609,Uroviricota
-1.238156191,5.87413609,Uroviricota
-1.249477346,5.87413609,Uroviricota
-1.262354419,5.87413609,Uroviricota
-1.379534394,5.87413609,Uroviricota
-0.483396376,5.905092012,Uroviricota
-0.53991922,5.905092012,Uroviricota
-0.550795752,5.905092012,Uroviricota
-0.55697932,5.905092012,Uroviricota
-0.596052228,5.905092012,Uroviricota
-0.6142663,5.905092012,Uroviricota
-0.623703216,5.905092012,Uroviricota
-0.62814416,5.905092012,Uroviricota
-0.640593586,5.905092012,Uroviricota
-0.646974724,5.905092012,Uroviricota
-0.650979952,5.905092012,Uroviricota
-0.661950705,5.905092012,Uroviricota
-0.679306173,5.905092012,Uroviricota
-0.679746215,5.905092012,Uroviricota
-0.686097016,5.905092012,Uroviricota
-0.702791164,5.905092012,Uroviricota
-0.715459017,5.905092012,Uroviricota
-0.743457029,5.905092012,Uroviricota
-0.744122278,5.905092012,Uroviricota
-0.749638409,5.905092012,Uroviricota
-0.754606063,5.905092012,Uroviricota
-0.760810983,5.905092012,Uroviricota
-0.761022915,5.905092012,Uroviricota
-0.766055751,5.905092012,Uroviricota
-0.768899863,5.905092012,Uroviricota
-0.778352872,5.905092012,Uroviricota
-0.79011463,5.905092012,Uroviricota
-0.795750758,5.905092012,Uroviricota
-0.829986379,5.905092012,Uroviricota
-0.830696136,5.905092012,Uroviricota
-0.834444603,5.905092012,Uroviricota
-0.840153377,5.905092012,Uroviricota
-0.852863485,5.905092012,Uroviricota
-0.887144118,5.905092012,Uroviricota
-0.914421018,5.905092012,Uroviricota
-0.925166413,5.905092012,Uroviricota
-0.947522597,5.905092012,Uroviricota
-0.957898026,5.905092012,Uroviricota
-0.966420008,5.905092012,Uroviricota
-1.030231713,5.905092012,Uroviricota
-1.165830586,5.905092012,Uroviricota
-1.184666567,5.905092012,Uroviricota
-1.19938987,5.905092012,Uroviricota
-1.206549879,5.905092012,Uroviricota
-1.233404083,5.905092012,Uroviricota
-1.245478813,5.905092012,Uroviricota
-1.263160357,5.905092012,Uroviricota
-1.270363621,5.905092012,Uroviricota
-1.281659902,5.905092012,Uroviricota
-1.289508311,5.905092012,Uroviricota
-1.300131533,5.905092012,Uroviricota
-1.32132952,5.905092012,Uroviricota
-1.324318224,5.905092012,Uroviricota
-1.385608529,5.905092012,Uroviricota
-1.402117731,5.905092012,Uroviricota
-1.432331376,5.905092012,Uroviricota
-0.699915968,5.96002955,Uroviricota
-0.708485777,5.96002955,Uroviricota
-0.714402226,5.96002955,Uroviricota
-0.752036071,5.96002955,Uroviricota
-0.752809552,5.96002955,Uroviricota
-0.793362065,5.96002955,Uroviricota
-0.811258068,5.96002955,Uroviricota
-0.82974988,5.96002955,Uroviricota
-0.856764043,5.96002955,Uroviricota
-1.044507965,5.96002955,Uroviricota
-1.10008269,5.96002955,Uroviricota
-1.107693672,5.96002955,Uroviricota
-1.110392317,5.96002955,Uroviricota
-1.115459258,5.96002955,Uroviricota
-1.117961231,5.96002955,Uroviricota
-1.124841874,5.96002955,Uroviricota
-1.12711075,5.96002955,Uroviricota
-1.187725863,5.96002955,Uroviricota
-1.188553197,5.96002955,Uroviricota
-1.208319387,5.96002955,Uroviricota
-1.208717306,5.96002955,Uroviricota
-1.244993244,5.96002955,Uroviricota
-1.266990565,5.96002955,Uroviricota
-1.267725185,5.96002955,Uroviricota
-1.267775992,5.96002955,Uroviricota
-1.268524843,5.96002955,Uroviricota
-1.394700974,5.96002955,Uroviricota
-1.403380948,5.96002955,Uroviricota
-1.413844278,5.96002955,Uroviricota
-1.449488046,5.96002955,Uroviricota
-1.458155435,5.96002955,Uroviricota
-1.468603927,5.96002955,Uroviricota
-1.483339988,5.96002955,Uroviricota
-1.505879555,5.96002955,Uroviricota
-1.53800964,5.96002955,Uroviricota
-1.560522974,5.96002955,Uroviricota
-1.570367332,5.96002955,Uroviricota
-1.571230391,5.96002955,Uroviricota
-1.624942791,5.96002955,Uroviricota
-1.625805008,5.96002955,Uroviricota
-0.588339775,5.979741608,Uroviricota
-0.646535209,5.979741608,Uroviricota
-0.646710564,5.979741608,Uroviricota
-0.655196024,5.979741608,Uroviricota
-0.659415929,5.979741608,Uroviricota
-0.660145787,5.979741608,Uroviricota
-0.66020883,5.979741608,Uroviricota
-0.669333468,5.979741608,Uroviricota
-0.671057035,5.979741608,Uroviricota
-0.676138808,5.979741608,Uroviricota
-0.679227232,5.979741608,Uroviricota
-0.681564116,5.979741608,Uroviricota
-0.756969699,5.979741608,Uroviricota
-0.757602965,5.979741608,Uroviricota
-0.760006227,5.979741608,Uroviricota
-0.765245459,5.979741608,Uroviricota
-0.765271714,5.979741608,Uroviricota
-0.765333359,5.979741608,Uroviricota
-0.77279095,5.979741608,Uroviricota
-0.776193476,5.979741608,Uroviricota
-0.780042746,5.979741608,Uroviricota
-0.782638473,5.979741608,Uroviricota
-0.788673485,5.979741608,Uroviricota
-0.791715395,5.979741608,Uroviricota
-0.792057717,5.979741608,Uroviricota
-0.797043611,5.979741608,Uroviricota
-0.797342779,5.979741608,Uroviricota
-0.8001638,5.979741608,Uroviricota
-0.803734744,5.979741608,Uroviricota
-0.803774121,5.979741608,Uroviricota
-0.80683188,5.979741608,Uroviricota
-0.809287165,5.979741608,Uroviricota
-0.810373566,5.979741608,Uroviricota
-0.810618304,5.979741608,Uroviricota
-0.811239673,5.979741608,Uroviricota
-0.811818587,5.979741608,Uroviricota
-0.812237767,5.979741608,Uroviricota
-0.814355401,5.979741608,Uroviricota
-0.821049616,5.979741608,Uroviricota
-0.825180943,5.979741608,Uroviricota
-0.827060234,5.979741608,Uroviricota
-0.828028909,5.979741608,Uroviricota
-0.835786795,5.979741608,Uroviricota
-0.835936866,5.979741608,Uroviricota
-0.836495137,5.979741608,Uroviricota
-0.84133051,5.979741608,Uroviricota
-0.854877014,5.979741608,Uroviricota
-0.86083509,5.979741608,Uroviricota
-0.867022477,5.979741608,Uroviricota
-0.88554324,5.979741608,Uroviricota
-0.892267838,5.979741608,Uroviricota
-0.911498394,5.979741608,Uroviricota
-0.918984478,5.979741608,Uroviricota
-0.929210163,5.979741608,Uroviricota
-0.934520815,5.979741608,Uroviricota
-0.938693952,5.979741608,Uroviricota
-0.944362513,5.979741608,Uroviricota
-0.951458558,5.979741608,Uroviricota
-0.954169341,5.979741608,Uroviricota
-0.957945615,5.979741608,Uroviricota
-0.96365322,5.979741608,Uroviricota
-0.980047999,5.979741608,Uroviricota
-0.995554217,5.979741608,Uroviricota
-1.093374705,5.979741608,Uroviricota
-0.451666992,5.985093187,Uroviricota
-0.45502506,5.985093187,Uroviricota
-0.45771523,5.985093187,Uroviricota
-0.461084785,5.985093187,Uroviricota
-0.46196789,5.985093187,Uroviricota
-0.46871166,5.985093187,Uroviricota
-0.471231842,5.985093187,Uroviricota
-0.480278589,5.985093187,Uroviricota
-0.48380885,5.985093187,Uroviricota
-0.48719356,5.985093187,Uroviricota
-0.4904778,5.985093187,Uroviricota
-0.490538057,5.985093187,Uroviricota
-0.493056625,5.985093187,Uroviricota
-0.494515895,5.985093187,Uroviricota
-0.497269751,5.985093187,Uroviricota
-0.509333291,5.985093187,Uroviricota
-0.513163728,5.985093187,Uroviricota
-0.518206958,5.985093187,Uroviricota
-0.529021744,5.985093187,Uroviricota
-0.53301052,5.985093187,Uroviricota
-0.537892061,5.985093187,Uroviricota
-0.540449638,5.985093187,Uroviricota
-0.542106634,5.985093187,Uroviricota
-0.545997166,5.985093187,Uroviricota
-0.550059868,5.985093187,Uroviricota
-0.554641904,5.985093187,Uroviricota
-0.557874291,5.985093187,Uroviricota
-0.558680402,5.985093187,Uroviricota
-0.56453163,5.985093187,Uroviricota
-0.575954665,5.985093187,Uroviricota
-0.578484229,5.985093187,Uroviricota
-0.580164955,5.985093187,Uroviricota
-0.581058164,5.985093187,Uroviricota
-0.585535741,5.985093187,Uroviricota
-0.596278426,5.985093187,Uroviricota
-0.600524672,5.985093187,Uroviricota
-0.604281649,5.985093187,Uroviricota
-0.608669287,5.985093187,Uroviricota
-0.611468453,5.985093187,Uroviricota
-0.615140379,5.985093187,Uroviricota
-0.713779315,5.985093187,Uroviricota
-0.724456593,5.985093187,Uroviricota
-0.733547822,5.985093187,Uroviricota
-0.741279955,5.985093187,Uroviricota
-0.744352599,5.985093187,Uroviricota
-0.752043167,5.985093187,Uroviricota
-0.769029695,5.985093187,Uroviricota
-0.780084138,5.985093187,Uroviricota
-0.783967344,5.985093187,Uroviricota
-0.784052513,5.985093187,Uroviricota
-0.790689072,5.985093187,Uroviricota
-0.794163967,5.985093187,Uroviricota
-0.7954581,5.985093187,Uroviricota
-0.80180338,5.985093187,Uroviricota
-0.803905905,5.985093187,Uroviricota
-0.815252064,5.985093187,Uroviricota
-0.90570444,5.985093187,Uroviricota
-0.927344485,5.985093187,Uroviricota
-0.934467325,5.985093187,Uroviricota
-0.966469555,5.985093187,Uroviricota
-0.967580034,5.985093187,Uroviricota
-0.987706469,5.985093187,Uroviricota
-0.988998281,5.985093187,Uroviricota
-1.005566825,5.985093187,Uroviricota
-1.338449305,5.992924361,Uroviricota
-1.341585931,5.992924361,Uroviricota
-1.342230869,5.992924361,Uroviricota
-1.346069454,5.992924361,Uroviricota
-1.351876221,5.992924361,Uroviricota
-1.352629351,5.992924361,Uroviricota
-1.352742041,5.992924361,Uroviricota
-1.357472819,5.992924361,Uroviricota
-1.358323825,5.992924361,Uroviricota
-1.358361287,5.992924361,Uroviricota
-1.358494204,5.992924361,Uroviricota
-1.360840214,5.992924361,Uroviricota
-1.365070157,5.992924361,Uroviricota
-1.365399873,5.992924361,Uroviricota
-1.368029843,5.992924361,Uroviricota
-1.368517411,5.992924361,Uroviricota
-1.372011139,5.992924361,Uroviricota
-1.3733851,5.992924361,Uroviricota
-1.380932737,5.992924361,Uroviricota
-1.381629979,5.992924361,Uroviricota
-1.381734314,5.992924361,Uroviricota
-1.386904766,5.992924361,Uroviricota
-1.388945486,5.992924361,Uroviricota
-1.389237314,5.992924361,Uroviricota
-1.393466361,5.992924361,Uroviricota
-1.394606935,5.992924361,Uroviricota
-1.395051177,5.992924361,Uroviricota
-1.395117676,5.992924361,Uroviricota
-1.398420346,5.992924361,Uroviricota
-1.399914925,5.992924361,Uroviricota
-1.402356268,5.992924361,Uroviricota
-1.40263203,5.992924361,Uroviricota
-1.406055743,5.992924361,Uroviricota
-1.41549486,5.992924361,Uroviricota
-1.416232075,5.992924361,Uroviricota
-1.416342386,5.992924361,Uroviricota
-1.421807081,5.992924361,Uroviricota
-1.424271165,5.992924361,Uroviricota
-1.427559749,5.992924361,Uroviricota
-1.428736799,5.992924361,Uroviricota
-1.451020057,5.992924361,Uroviricota
-1.454977714,5.992924361,Uroviricota
-1.465065018,5.992924361,Uroviricota
-1.465852226,5.992924361,Uroviricota
-1.46597001,5.992924361,Uroviricota
-1.471802381,5.992924361,Uroviricota
-1.474430645,5.992924361,Uroviricota
-1.479191302,5.992924361,Uroviricota
-1.55534631,5.992924361,Uroviricota
-1.558949475,5.992924361,Uroviricota
-1.56814645,5.992924361,Uroviricota
-1.568864967,5.992924361,Uroviricota
-1.568972484,5.992924361,Uroviricota
-1.574299581,5.992924361,Uroviricota
-1.576702171,5.992924361,Uroviricota
-1.581057223,5.992924361,Uroviricota
-0.658705255,6.058494257,Uroviricota
-0.669616817,6.058494257,Uroviricota
-0.681054961,6.058494257,Uroviricota
-0.687122523,6.058494257,Uroviricota
-0.69122607,6.058494257,Uroviricota
-0.691645939,6.058494257,Uroviricota
-0.707579527,6.058494257,Uroviricota
-0.710533874,6.058494257,Uroviricota
-0.711812198,6.058494257,Uroviricota
-0.713682758,6.058494257,Uroviricota
-0.720197881,6.058494257,Uroviricota
-0.729516288,6.058494257,Uroviricota
-0.732472463,6.058494257,Uroviricota
-0.738593007,6.058494257,Uroviricota
-0.76330803,6.058494257,Uroviricota
-0.77922809,6.058494257,Uroviricota
-0.840316607,6.058494257,Uroviricota
-0.85579727,6.058494257,Uroviricota
-0.880303736,6.058494257,Uroviricota
-0.88657306,6.058494257,Uroviricota
-0.896743896,6.058494257,Uroviricota
-0.912145039,6.058494257,Uroviricota
-0.912486468,6.058494257,Uroviricota
-0.916766508,6.058494257,Uroviricota
-0.925587001,6.058494257,Uroviricota
-0.936531248,6.058494257,Uroviricota
-0.942770877,6.058494257,Uroviricota
-0.945612426,6.058494257,Uroviricota
-0.967547423,6.058494257,Uroviricota
-0.968565972,6.058494257,Uroviricota
-0.972827138,6.058494257,Uroviricota
-0.9745744,6.058494257,Uroviricota
-0.981609314,6.058494257,Uroviricota
-0.982839347,6.058494257,Uroviricota
-1.006146283,6.058494257,Uroviricota
-1.007242456,6.058494257,Uroviricota
-1.029451925,6.058494257,Uroviricota
-1.029906373,6.058494257,Uroviricota
-1.038630933,6.058494257,Uroviricota
-1.046993222,6.058494257,Uroviricota
-0.469684464,6.06146575,Uroviricota
-0.474729034,6.06146575,Uroviricota
-0.531049026,6.06146575,Uroviricota
-0.555045956,6.06146575,Uroviricota
-0.570871866,6.06146575,Uroviricota
-0.584717687,6.06146575,Uroviricota
-0.586447297,6.06146575,Uroviricota
-0.606670265,6.06146575,Uroviricota
-0.613171686,6.06146575,Uroviricota
-0.645334994,6.06146575,Uroviricota
-0.646793893,6.06146575,Uroviricota
-0.674383098,6.06146575,Uroviricota
-0.680163876,6.06146575,Uroviricota
-0.685120448,6.06146575,Uroviricota
-0.725833295,6.06146575,Uroviricota
-0.761238772,6.06146575,Uroviricota
-0.901385034,6.06146575,Uroviricota
-0.910998073,6.06146575,Uroviricota
-0.974429978,6.06146575,Uroviricota
-1.0108505,6.06146575,Uroviricota
-1.014887472,6.06146575,Uroviricota
-1.034466452,6.06146575,Uroviricota
-1.03890729,6.06146575,Uroviricota
-1.069540086,6.06146575,Uroviricota
-1.088174497,6.06146575,Uroviricota
-1.090286953,6.06146575,Uroviricota
-1.110445238,6.06146575,Uroviricota
-1.195453937,6.06146575,Uroviricota
-1.19743097,6.06146575,Uroviricota
-1.202228872,6.06146575,Uroviricota
-1.208191557,6.06146575,Uroviricota
-1.326113994,6.06146575,Uroviricota
-1.326384331,6.06146575,Uroviricota
-1.333725673,6.06146575,Uroviricota
-1.383103697,6.06146575,Uroviricota
-1.412155795,6.06146575,Uroviricota
-1.41540606,6.06146575,Uroviricota
-1.43424458,6.06146575,Uroviricota
-1.439316113,6.06146575,Uroviricota
-1.474105118,6.06146575,Uroviricota
-1.495110214,6.06146575,Uroviricota
-1.497484262,6.06146575,Uroviricota
-1.568006044,6.06146575,Uroviricota
-1.577312096,6.06146575,Uroviricota
-1.6140354,6.06146575,Uroviricota
-1.621444647,6.06146575,Uroviricota
-1.73931269,6.06146575,Uroviricota
-1.755221699,6.06146575,Uroviricota
-2.032040797,6.06146575,Uroviricota
-1.067602058,6.081394927,Uroviricota
-1.074102161,6.081394927,Uroviricota
-1.090501134,6.081394927,Uroviricota
-1.091770978,6.081394927,Uroviricota
-1.091960854,6.081394927,Uroviricota
-1.101323996,6.081394927,Uroviricota
-1.105518697,6.081394927,Uroviricota
-1.113078558,6.081394927,Uroviricota
-1.178226815,6.081394927,Uroviricota
-1.183470932,6.081394927,Uroviricota
-1.196767978,6.081394927,Uroviricota
-1.19780157,6.081394927,Uroviricota
-1.197956168,6.081394927,Uroviricota
-1.205595206,6.081394927,Uroviricota
-1.209027299,6.081394927,Uroviricota
-1.215227905,6.081394927,Uroviricota
-1.230179898,6.081394927,Uroviricota
-1.236544099,6.081394927,Uroviricota
-1.252608932,6.081394927,Uroviricota
-1.253742573,6.081394927,Uroviricota
-1.253853414,6.081394927,Uroviricota
-1.254039503,6.081394927,Uroviricota
-1.255910297,6.081394927,Uroviricota
-1.259946918,6.081394927,Uroviricota
-1.260877479,6.081394927,Uroviricota
-1.263217947,6.081394927,Uroviricota
-1.26733116,6.081394927,Uroviricota
-1.273486369,6.081394927,Uroviricota
-1.274467302,6.081394927,Uroviricota
-1.274614034,6.081394927,Uroviricota
-1.274746096,6.081394927,Uroviricota
-1.275618253,6.081394927,Uroviricota
-1.27683284,6.081394927,Uroviricota
-1.277014467,6.081394927,Uroviricota
-1.281867682,6.081394927,Uroviricota
-1.285128711,6.081394927,Uroviricota
-1.285975086,6.081394927,Uroviricota
-1.289992133,6.081394927,Uroviricota
-1.291023502,6.081394927,Uroviricota
-1.295355817,6.081394927,Uroviricota
-1.297235941,6.081394927,Uroviricota
-1.299611647,6.081394927,Uroviricota
-1.31044586,6.081394927,Uroviricota
-1.311290577,6.081394927,Uroviricota
-1.311416956,6.081394927,Uroviricota
-1.317671816,6.081394927,Uroviricota
-1.320488489,6.081394927,Uroviricota
-1.325587323,6.081394927,Uroviricota
-1.350166876,6.081394927,Uroviricota
-1.354413938,6.081394927,Uroviricota
-1.365226213,6.081394927,Uroviricota
-1.366069243,6.081394927,Uroviricota
-1.366195369,6.081394927,Uroviricota
-1.372437838,6.081394927,Uroviricota
-1.375248989,6.081394927,Uroviricota
-1.380337917,6.081394927,Uroviricota
-0.593903015,6.116779641,Uroviricota
-0.739293684,6.116779641,Uroviricota
-0.796544941,6.116779641,Uroviricota
-0.798453707,6.116779641,Uroviricota
-0.890731805,6.116779641,Uroviricota
-0.929200207,6.116779641,Uroviricota
-0.944297404,6.116779641,Uroviricota
-0.956518444,6.116779641,Uroviricota
-0.957902604,6.116779641,Uroviricota
-0.987103842,6.116779641,Uroviricota
-0.990202185,6.116779641,Uroviricota
-1.021620624,6.116779641,Uroviricota
-1.023943914,6.116779641,Uroviricota
-1.027031771,6.116779641,Uroviricota
-1.033508087,6.116779641,Uroviricota
-1.047461003,6.116779641,Uroviricota
-1.060655752,6.116779641,Uroviricota
-1.112096108,6.116779641,Uroviricota
-1.170137069,6.116779641,Uroviricota
-1.175323292,6.116779641,Uroviricota
-1.178984897,6.116779641,Uroviricota
-1.211845882,6.116779641,Uroviricota
-1.24892167,6.116779641,Uroviricota
-1.25028758,6.116779641,Uroviricota
-1.276847398,6.116779641,Uroviricota
-1.33825702,6.116779641,Uroviricota
-1.3477306,6.116779641,Uroviricota
-1.352061667,6.116779641,Uroviricota
-1.355500139,6.116779641,Uroviricota
-1.362018216,6.116779641,Uroviricota
-1.368999723,6.116779641,Uroviricota
-1.382384287,6.116779641,Uroviricota
-1.383272026,6.116779641,Uroviricota
-1.397020935,6.116779641,Uroviricota
-1.430680835,6.116779641,Uroviricota
-1.433309401,6.116779641,Uroviricota
-1.449064102,6.116779641,Uroviricota
-1.464049431,6.116779641,Uroviricota
-1.467276383,6.116779641,Uroviricota
-1.470242037,6.116779641,Uroviricota
-1.50647595,6.116779641,Uroviricota
-1.557798595,6.116779641,Uroviricota
-1.588067261,6.116779641,Uroviricota
-1.624230579,6.116779641,Uroviricota
-1.680198293,6.116779641,Uroviricota
-1.71631831,6.116779641,Uroviricota
-1.775871669,6.116779641,Uroviricota
-1.786541933,6.116779641,Uroviricota
-1.813563667,6.116779641,Uroviricota
-0.92870838,6.130169628,Uroviricota
-0.931890899,6.130169628,Uroviricota
-0.938920231,6.130169628,Uroviricota
-0.942256212,6.130169628,Uroviricota
-0.954092248,6.130169628,Uroviricota
-0.965495969,6.130169628,Uroviricota
-0.967806021,6.130169628,Uroviricota
-0.969370423,6.130169628,Uroviricota
-0.97367124,6.130169628,Uroviricota
-0.974708576,6.130169628,Uroviricota
-0.978691917,6.130169628,Uroviricota
-0.979823974,6.130169628,Uroviricota
-0.981457166,6.130169628,Uroviricota
-0.981592488,6.130169628,Uroviricota
-0.996764801,6.130169628,Uroviricota
-0.999569278,6.130169628,Uroviricota
-1.006280945,6.130169628,Uroviricota
-1.007447599,6.130169628,Uroviricota
-1.015691329,6.130169628,Uroviricota
-1.019200368,6.130169628,Uroviricota
-1.02315641,6.130169628,Uroviricota
-1.02507375,6.130169628,Uroviricota
-1.031383694,6.130169628,Uroviricota
-1.032776224,6.130169628,Uroviricota
-1.039911982,6.130169628,Uroviricota
-1.043256317,6.130169628,Uroviricota
-1.043691913,6.130169628,Uroviricota
-1.04964914,6.130169628,Uroviricota
-1.054974565,6.130169628,Uroviricota
-1.064940942,6.130169628,Uroviricota
-1.066552518,6.130169628,Uroviricota
-1.070458001,6.130169628,Uroviricota
-1.080913844,6.130169628,Uroviricota
-1.082550765,6.130169628,Uroviricota
-1.104939917,6.130169628,Uroviricota
-1.109773375,6.130169628,Uroviricota
-1.116493277,6.130169628,Uroviricota
-1.121546225,6.130169628,Uroviricota
-1.127824743,6.130169628,Uroviricota
-1.130631822,6.130169628,Uroviricota
-1.15198045,6.130169628,Uroviricota
-1.154150941,6.130169628,Uroviricota
-1.156589635,6.130169628,Uroviricota
-1.158847174,6.130169628,Uroviricota
-1.160263208,6.130169628,Uroviricota
-1.160282388,6.130169628,Uroviricota
-1.166207575,6.130169628,Uroviricota
-1.169432123,6.130169628,Uroviricota
-1.170302051,6.130169628,Uroviricota
-1.171734938,6.130169628,Uroviricota
-1.176643742,6.130169628,Uroviricota
-1.177374015,6.130169628,Uroviricota
-1.17899208,6.130169628,Uroviricota
-1.180088429,6.130169628,Uroviricota
-1.185925294,6.130169628,Uroviricota
-1.201665875,6.130169628,Uroviricota
-1.203456856,6.130169628,Uroviricota
-1.216736468,6.130169628,Uroviricota
-1.219478788,6.130169628,Uroviricota
-1.226330515,6.130169628,Uroviricota
-1.237893942,6.130169628,Uroviricota
-1.241832676,6.130169628,Uroviricota
-1.294202322,6.130169628,Uroviricota
-1.300148066,6.130169628,Uroviricota
-1.427228004,6.132274904,Uroviricota
-1.494793898,6.132274904,Uroviricota
-1.574725476,6.132274904,Uroviricota
-1.579415641,6.132274904,Uroviricota
-1.585894743,6.132274904,Uroviricota
-1.647522259,6.132274904,Uroviricota
-1.67899436,6.132274904,Uroviricota
-1.681460417,6.132274904,Uroviricota
-1.683311776,6.132274904,Uroviricota
-1.683799072,6.132274904,Uroviricota
-1.686047321,6.132274904,Uroviricota
-1.686441378,6.132274904,Uroviricota
-1.690440261,6.132274904,Uroviricota
-1.691353274,6.132274904,Uroviricota
-1.692385561,6.132274904,Uroviricota
-1.698134586,6.132274904,Uroviricota
-1.700226669,6.132274904,Uroviricota
-1.706747549,6.132274904,Uroviricota
-1.710853975,6.132274904,Uroviricota
-1.731187815,6.132274904,Uroviricota
-1.740983152,6.132274904,Uroviricota
-1.754245168,6.132274904,Uroviricota
-1.754722525,6.132274904,Uroviricota
-1.755276616,6.132274904,Uroviricota
-1.75827963,6.132274904,Uroviricota
-1.763855472,6.132274904,Uroviricota
-1.771539539,6.132274904,Uroviricota
-1.799443535,6.132274904,Uroviricota
-1.799812832,6.132274904,Uroviricota
-1.800241609,6.132274904,Uroviricota
-1.802567605,6.132274904,Uroviricota
-1.806895982,6.132274904,Uroviricota
-1.812881201,6.132274904,Uroviricota
-1.8863751,6.132274904,Uroviricota
-1.929489892,6.132274904,Uroviricota
-1.970407048,6.132274904,Uroviricota
-1.671952614,6.176226428,Uroviricota
-1.678041987,6.176226428,Uroviricota
-1.693429996,6.176226428,Uroviricota
-1.694623041,6.176226428,Uroviricota
-1.694801452,6.176226428,Uroviricota
-1.703605022,6.176226428,Uroviricota
-1.70755269,6.176226428,Uroviricota
-1.714672974,6.176226428,Uroviricota
-0.971169188,6.180851591,Uroviricota
-0.972730642,6.180851591,Uroviricota
-0.984143254,6.180851591,Uroviricota
-0.98637617,6.180851591,Uroviricota
-0.991251615,6.180851591,Uroviricota
-0.998259558,6.180851591,Uroviricota
-1.003778305,6.180851591,Uroviricota
-1.044142788,6.180851591,Uroviricota
-1.045257661,6.180851591,Uroviricota
-1.049721697,6.180851591,Uroviricota
-1.055022919,6.180851591,Uroviricota
-1.055591479,6.180851591,Uroviricota
-1.05667703,6.180851591,Uroviricota
-1.056767439,6.180851591,Uroviricota
-1.059755583,6.180851591,Uroviricota
-1.078866038,6.180851591,Uroviricota
-1.085339897,6.180851591,Uroviricota
-1.110708376,6.180851591,Uroviricota
-1.120137905,6.180851591,Uroviricota
-1.125152227,6.180851591,Uroviricota
-1.13781371,6.180851591,Uroviricota
-1.140628969,6.180851591,Uroviricota
-1.158363611,6.180851591,Uroviricota
-1.164944559,6.180851591,Uroviricota
-1.167413004,6.180851591,Uroviricota
-1.178457932,6.180851591,Uroviricota
-1.200415421,6.180851591,Uroviricota
-1.222466526,6.180851591,Uroviricota
-1.243051091,6.180851591,Uroviricota
-1.255780607,6.180851591,Uroviricota
-1.258579769,6.180851591,Uroviricota
-1.305445209,6.180851591,Uroviricota
-1.306622684,6.180851591,Uroviricota
-1.328749015,6.180851591,Uroviricota
-1.338665701,6.180851591,Uroviricota
-1.345953048,6.180851591,Uroviricota
-1.38776411,6.180851591,Uroviricota
-1.408843329,6.180851591,Uroviricota
-1.447707858,6.180851591,Uroviricota
-1.449074915,6.180851591,Uroviricota
-1.49779682,6.180851591,Uroviricota
-1.4990506,6.180851591,Uroviricota
-1.5058413,6.180851591,Uroviricota
-1.522570621,6.180851591,Uroviricota
-1.528398678,6.180851591,Uroviricota
-1.564595357,6.180851591,Uroviricota
-1.568103725,6.180851591,Uroviricota
-1.584955125,6.180851591,Uroviricota
-1.604277699,6.180851591,Uroviricota
-1.619168678,6.180851591,Uroviricota
-1.620445446,6.180851591,Uroviricota
-1.64438443,6.180851591,Uroviricota
-1.655316342,6.180851591,Uroviricota
-1.65659249,6.180851591,Uroviricota
-1.680520198,6.180851591,Uroviricota
-1.699262522,6.180851591,Uroviricota
-1.707774637,6.180851591,Uroviricota
-1.708487373,6.180851591,Uroviricota
-1.743883381,6.180851591,Uroviricota
-1.832913821,6.180851591,Uroviricota
-1.86897951,6.180851591,Uroviricota
-1.908100305,6.180851591,Uroviricota
-2.034319369,6.180851591,Uroviricota
-2.070337211,6.180851591,Uroviricota
-1.280922488,6.204440095,Uroviricota
-1.315939929,6.204440095,Uroviricota
-1.317118827,6.204440095,Uroviricota
-1.330692712,6.204440095,Uroviricota
-1.337306616,6.204440095,Uroviricota
-1.345314647,6.204440095,Uroviricota
-1.354758352,6.204440095,Uroviricota
-1.43134645,6.204440095,Uroviricota
-1.473535533,6.204440095,Uroviricota
-1.474943992,6.204440095,Uroviricota
-1.491108223,6.204440095,Uroviricota
-1.498949836,6.204440095,Uroviricota
-1.505113982,6.204440095,Uroviricota
-1.508415042,6.204440095,Uroviricota
-1.519536921,6.204440095,Uroviricota
-1.691635449,6.204440095,Uroviricota
-1.77641908,6.204440095,Uroviricota
-1.824381403,6.204440095,Uroviricota
-1.825971841,6.204440095,Uroviricota
-1.844177608,6.204440095,Uroviricota
-1.852979251,6.204440095,Uroviricota
-1.863577673,6.204440095,Uroviricota
-1.875996298,6.204440095,Uroviricota
-2.064126583,6.204440095,Uroviricota
-1.964600372,6.237099831,Uroviricota
-1.966827672,6.237099831,Uroviricota
-1.972544716,6.237099831,Uroviricota
-1.97299329,6.237099831,Uroviricota
-1.973060436,6.237099831,Uroviricota
-1.976395164,6.237099831,Uroviricota
-1.977904169,6.237099831,Uroviricota
-1.980647374,6.237099831,Uroviricota
-0.299156355,6.253585528,Uroviricota
-0.313987441,6.253585528,Uroviricota
-0.407822119,6.253585528,Uroviricota
-0.447978317,6.253585528,Uroviricota
-0.459008213,6.253585528,Uroviricota
-0.464225339,6.253585528,Uroviricota
-0.464577955,6.253585528,Uroviricota
-0.565895988,6.253585528,Uroviricota
-0.620647268,6.253585528,Uroviricota
-0.626578566,6.253585528,Uroviricota
-0.631361595,6.253585528,Uroviricota
-0.648798295,6.253585528,Uroviricota
-0.69999253,6.253585528,Uroviricota
-0.713078657,6.253585528,Uroviricota
-0.756925956,6.253585528,Uroviricota
-0.794790273,6.253585528,Uroviricota
-0.812935541,6.253585528,Uroviricota
-0.814545744,6.253585528,Uroviricota
-0.820765583,6.253585528,Uroviricota
-0.834849401,6.253585528,Uroviricota
-0.853131184,6.253585528,Uroviricota
-0.873116813,6.253585528,Uroviricota
-0.873554522,6.253585528,Uroviricota
-0.887111027,6.253585528,Uroviricota
-0.891517722,6.253585528,Uroviricota
-0.92485558,6.253585528,Uroviricota
-0.926067785,6.253585528,Uroviricota
-0.965777383,6.253585528,Uroviricota
-0.984131697,6.253585528,Uroviricota
-0.990517193,6.253585528,Uroviricota
-1.004796403,6.253585528,Uroviricota
-1.025368291,6.253585528,Uroviricota
-1.031785192,6.253585528,Uroviricota
-1.064660878,6.253585528,Uroviricota
-1.071105052,6.253585528,Uroviricota
-1.076745603,6.253585528,Uroviricota
-1.090659523,6.253585528,Uroviricota
-1.106016932,6.253585528,Uroviricota
-1.25158084,6.253585528,Uroviricota
-1.265693178,6.253585528,Uroviricota
-1.293805698,6.253585528,Uroviricota
-1.307955114,6.253585528,Uroviricota
-1.314003788,6.253585528,Uroviricota
-1.333954728,6.253585528,Uroviricota
-1.348136206,6.253585528,Uroviricota
-1.491480387,6.253585528,Uroviricota
-1.534197186,6.253585528,Uroviricota
-1.574771187,6.253585528,Uroviricota
-1.26072926,6.261948077,Uroviricota
-1.291315017,6.261948077,Uroviricota
-1.29919576,6.261948077,Uroviricota
-1.300656442,6.261948077,Uroviricota
-1.308397438,6.261948077,Uroviricota
-1.313175259,6.261948077,Uroviricota
-1.315092887,6.261948077,Uroviricota
-1.321045877,6.261948077,Uroviricota
-1.323187744,6.261948077,Uroviricota
-1.323204377,6.261948077,Uroviricota
-1.336996655,6.261948077,Uroviricota
-1.360995838,6.261948077,Uroviricota
-1.378159036,6.261948077,Uroviricota
-1.396367428,6.261948077,Uroviricota
-1.449430597,6.261948077,Uroviricota
-1.450150065,6.261948077,Uroviricota
-1.536213068,6.261948077,Uroviricota
-1.63242442,6.261948077,Uroviricota
-1.640455836,6.261948077,Uroviricota
-1.650153148,6.261948077,Uroviricota
-1.714974537,6.261948077,Uroviricota
-1.736142278,6.261948077,Uroviricota
-1.797056183,6.261948077,Uroviricota
-1.797874735,6.261948077,Uroviricota
-0.198740559,6.294596557,Uroviricota
-0.214374667,6.294596557,Uroviricota
-0.231863447,6.294596557,Uroviricota
-0.240196812,6.294596557,Uroviricota
-0.254575323,6.294596557,Uroviricota
-0.255636949,6.294596557,Uroviricota
-0.26334477,6.294596557,Uroviricota
-0.263504725,6.294596557,Uroviricota
-0.272870538,6.294596557,Uroviricota
-0.272916766,6.294596557,Uroviricota
-0.30341813,6.294596557,Uroviricota
-0.316365005,6.294596557,Uroviricota
-0.323415548,6.294596557,Uroviricota
-0.35010952,6.294596557,Uroviricota
-0.356518022,6.294596557,Uroviricota
-0.393451945,6.294596557,Uroviricota
-0.414860608,6.294596557,Uroviricota
-0.417618814,6.294596557,Uroviricota
-0.419365141,6.294596557,Uroviricota
-0.440724999,6.294596557,Uroviricota
-0.448514286,6.294596557,Uroviricota
-0.479831984,6.294596557,Uroviricota
-0.494336341,6.294596557,Uroviricota
-0.510436326,6.294596557,Uroviricota
-0.522400425,6.294596557,Uroviricota
-0.538072006,6.294596557,Uroviricota
-0.566484794,6.294596557,Uroviricota
-0.57055261,6.294596557,Uroviricota
-0.571303745,6.294596557,Uroviricota
-0.604230029,6.294596557,Uroviricota
-0.608842631,6.294596557,Uroviricota
-0.609111593,6.294596557,Uroviricota
-0.640467581,6.294596557,Uroviricota
-0.64540434,6.294596557,Uroviricota
-0.680992001,6.294596557,Uroviricota
-0.727491345,6.294596557,Uroviricota
-0.846362272,6.294596557,Uroviricota
-0.886794843,6.294596557,Uroviricota
-0.894483357,6.294596557,Uroviricota
-0.925387961,6.294596557,Uroviricota
-0.935226331,6.294596557,Uroviricota
-0.971133797,6.294596557,Uroviricota
-0.974089774,6.294596557,Uroviricota
-1.151997033,6.294596557,Uroviricota
-1.360660208,6.294596557,Uroviricota
-1.53850568,6.294596557,Uroviricota
-1.581290899,6.294596557,Uroviricota
-1.621923933,6.294596557,Uroviricota
-1.014899802,6.322060537,Uroviricota
-1.078264001,6.322060537,Uroviricota
-1.254531667,6.322060537,Uroviricota
-1.276266953,6.322060537,Uroviricota
-1.329203499,6.322060537,Uroviricota
-1.336425127,6.322060537,Uroviricota
-1.399067574,6.322060537,Uroviricota
-1.657302581,6.322060537,Uroviricota
-1.739269136,6.322060537,Uroviricota
-1.231238967,6.367504144,Uroviricota
-1.295297418,6.367504144,Uroviricota
-1.298885893,6.367504144,Uroviricota
-1.319331435,6.367504144,Uroviricota
-1.32498481,6.367504144,Uroviricota
-1.353533095,6.367504144,Uroviricota
-1.380153016,6.367504144,Uroviricota
-1.434314094,6.367504144,Uroviricota
-1.45512892,6.367504144,Uroviricota
-1.466632272,6.367504144,Uroviricota
-1.469483969,6.367504144,Uroviricota
-1.478963589,6.367504144,Uroviricota
-1.642904966,6.367504144,Uroviricota
-1.683924968,6.367504144,Uroviricota
-1.685023676,6.367504144,Uroviricota
-1.705706383,6.367504144,Uroviricota
-1.721266875,6.367504144,Uroviricota
-1.761192003,6.367504144,Uroviricota
-1.828803285,6.367504144,Uroviricota
-1.873434075,6.367504144,Uroviricota
-2.060044357,6.367504144,Uroviricota
